booking_id,passenger_id,flight_id,booking_date,status,seat_number,emergency_contact_name,passport_hash,emergency_contact_phone_masked
B1000,P1591,AI192,2025-06-14 11:37:36.951,CANCELLED,3D,Isaac Bakshi,59e7e7738c8711b2,+91-******5128
B1001,P1803,6F026,2025-11-02 11:37:36.951,CANCELLED,18A,Anvi Konda,6a95f336b866dc4d,+91-******8662
B1002,P1083,SJ010,2025-08-25 11:37:36.951,CANCELLED,30C,Udant Dewan,8d413701d70b5174,+91-******8220
B1003,P1364,AI069,2025-12-30 11:37:36.951,CONFIRMED,33A,Harsh Chahal,19c4a665e8bc1266,+91-******6839
B1004,P1885,UK003,2025-10-02 11:37:36.951,PENDING,25C,Pahal Balay,d9157c803314e083,+91-******8266
B1005,P1548,AI048,2025-08-31 11:37:36.951,CONFIRMED,13D,Ayushman Chander,caabc2281b0da4c3,+91-******2726
B1006,P1341,AI140,2025-06-29 11:37:36.951,CANCELLED,17F,Tejas Kaul,819d0525b412722f,+91-******7864
B1007,P1838,UK167,2026-03-12 11:37:36.951,CONFIRMED,22E,Yashasvi Bala,481f342177d3cec4,+91-******5776
B1008,P1406,AI245,2025-09-07 11:37:36.951,PENDING,34F,Rushil Saini,8c98a8c9d9ef366e,+91-******8807
B1009,P1424,SJ158,2025-04-28 11:37:36.951,CANCELLED,33C,Thomas Sen,16d60fe92f5a5849,+91-******6278
B1010,P1743,AI155,2025-11-24 11:37:36.951,CONFIRMED,15B,Arunima Ahuja,9b8bc958eb99de8f,+91-******9414
B1011,P1092,AI179,2025-10-25 11:37:36.951,CONFIRMED,22C,Nathaniel Sami,2c38e171d27dcd12,+91-******6153
B1012,P1847,AI137,2025-08-15 11:37:36.951,PENDING,28B,Harini Mall,e6d22eaeb25269dd,+91-******6860
B1013,P1613,SJ001,2025-07-20 11:37:36.951,CONFIRMED,26E,Nachiket Kale,fab85083e9f77799,+91-******6561
B1014,P1411,SJ172,2025-09-15 11:37:36.951,PENDING,21E,Gayathri Chaudry,ce79ecb116713ff5,+91-******9979
B1015,P1431,UK094,2025-10-21 11:37:36.951,UNKNOWN,6F,George Rai,e80647128945b844,+91-******5012
B1016,P1677,UK027,2026-01-13 11:37:36.951,CANCELLED,6A,Gunbir Parmer,45ac44b766f54461,+91-******0204
B1017,P1158,UK067,2026-04-04 11:37:36.951,CONFIRMED,13B,Hemangini Lalla,f27605d14d86e057,+91-******8257
B1018,P1013,6F196,2026-03-25 11:37:36.951,CANCELLED,19B,Caleb Sharaf,f08afc002842ef6c,+91-******0106
B1019,P1372,6F164,2025-07-31 11:37:36.951,CANCELLED,19A,Jeet Radhakrishnan,451e03d407510f43,+91-******0835
B1020,P1224,SJ112,2025-12-06 11:37:36.951,CONFIRMED,27B,Farhan Memon,548bb24f886551bd,+91-******6249
B1021,P1504,6F190,2025-12-07 11:37:36.951,CANCELLED,4E,Janaki Handa,a81b91b550af858b,+91-******0161
B1022,P1072,AI080,2026-03-25 11:37:36.951,CONFIRMED,16F,Ekaraj Bath,d10b00994471367e,+91-******7221
B1023,P1248,6F213,2026-02-03 11:37:36.951,PENDING,24B,Vedant Mann,baf43ee0438d2412,+91-******9325
B1024,P1510,AI115,2025-06-21 11:37:36.951,PENDING,30F,Fariq Kaul,93992d112475cbf9,+91-******8072
B1025,P1602,SJ049,2026-03-18 11:37:36.951,PENDING,1B,Harrison Rai,1012f26ddc18bc3e,+91-******2966
B1026,P1215,AI058,2025-06-27 11:37:36.951,CONFIRMED,32C,Arunima Setty,56b08f0dbe81e0fd,+91-******6345
B1027,P1972,UK036,2025-07-25 11:37:36.951,CONFIRMED,22A,Janya Gaba,5739e14cea5a14e2,+91-******0795
B1028,P1601,SJ239,2025-05-25 11:37:36.951,CANCELLED,26E,Kamala Pant,807a50e4d654f4ce,+91-******0757
B1029,P1540,6F025,2025-06-06 11:37:36.951,CANCELLED,19C,Shaurya Loke,47899709761c35e8,+91-******4016
B1030,P1946,6F236,2026-03-18 11:37:36.951,CANCELLED,21E,Ekbal Garg,d307a6378262c7c9,+91-******1429
B1031,P1816,AI060,2025-11-16 11:37:36.951,CANCELLED,1E,Yash Gade,62954bcb007746db,+91-******3949
B1032,P1938,UK021,2025-09-03 11:37:36.951,CANCELLED,18E,Turvi Raghavan,718575c7b7ffd0a2,+91-******8599
B1033,P1987,UK026,2025-05-06 11:37:36.951,UNKNOWN,19A,Anamika Kanda,a52d3cb89e597a68,+91-******4041
B1034,P1219,SJ179,2025-12-31 11:37:36.951,CONFIRMED,22F,Ekta Bhalla,151e90282739e28a,+91-******0606
B1035,P1839,6F251,2025-08-21 11:37:36.951,PENDING,11D,Veer Balay,b20f5000d5f6615e,+91-******1517
B1036,P1726,SJ149,2025-11-24 11:37:36.951,PENDING,5B,Diya Rattan,138ba87501deb785,+91-******3647
B1037,P1220,AI188,2026-03-20 11:37:36.951,PENDING,33E,Amrita Bhatti,f583dd86ac1ab40c,+91-******5418
B1038,P1388,SJ093,2026-01-01 11:37:36.951,PENDING,12D,Siddharth Murty,2269d969b6195ed5,+91-******6192
B1039,P1553,SJ205,2025-08-21 11:37:36.951,CONFIRMED,11E,Simon Tata,f29a77a8a97066be,+91-******9854
B1040,P1646,6F099,2025-08-08 11:37:36.951,CONFIRMED,26B,Meghana Shanker,bcd1bf6246a8cf64,+91-******5230
B1041,P1041,UK176,2025-05-28 11:37:36.951,CONFIRMED,25C,Luke Lanka,86e67dbe9d95297a,+91-******6035
B1042,P1675,UK200,2025-12-02 11:37:36.951,CANCELLED,24F,Liam Koshy,8e2d9b98b2af010a,+91-******5890
B1043,P1872,6F195,2025-11-22 11:37:36.951,CANCELLED,8E,Adya Sangha,af93a48a3274117c,+91-******1388
B1044,P1282,6F174,2026-04-12 11:37:36.951,PENDING,16C,Mohini Pathak,16e174d0fb53c3ef,+91-******0954
B1045,P1057,SJ214,2026-03-19 11:37:36.951,UNKNOWN,18C,Theodore Devi,fb7a1818d6acdfde,+91-******3432
B1046,P1813,UK059,2025-10-14 11:37:36.951,CONFIRMED,2C,Yashodhara Tak,ec8af10a02df2459,+91-******1874
B1047,P1833,6F151,2025-12-29 11:37:36.951,PENDING,7C,Gavin Batta,06fc223a46a46707,+91-******4608
B1048,P1536,SJ236,2025-09-19 11:37:36.951,PENDING,18C,Imaran Dua,8ca1865bfad8bc2f,+91-******4278
B1049,P1072,SJ153,2025-07-28 11:37:36.951,UNKNOWN,3C,Nathaniel Sami,3da7675b6ee8e557,+91-******3067
B1050,P1884,AI220,2026-01-15 11:37:36.951,PENDING,7D,Devansh Rajan,0d72266c43031d80,+91-******4482
B1051,P1922,6F028,2025-07-05 11:37:36.951,CANCELLED,16A,Lakshmi Sidhu,720bfb736136a3f4,+91-******6443
B1052,P1128,UK209,2025-12-30 11:37:36.951,CANCELLED,33B,Zayan Apte,733cfebca1a82851,+91-******6326
B1053,P1598,UK216,2026-04-01 11:37:36.951,PENDING,28B,Ishwar Yadav,399a80b00d6a0a58,+91-******5009
B1054,P1841,AI132,2026-04-11 11:37:36.951,CANCELLED,19C,Amara Oak,92064bfc79f8368f,+91-******8191
B1055,P1425,6F012,2025-10-14 11:37:36.951,CANCELLED,13F,Isaac Memon,08dbe884a6f40898,+91-******7684
B1056,P1947,UK173,2026-03-24 11:37:36.951,CANCELLED,15B,Radhika Dugar,f380fadf17567f87,+91-******6381
B1057,P1664,SJ047,2025-08-20 11:37:36.951,CANCELLED,14F,Sudiksha Aggarwal,a40b7e364b4f13f0,+91-******4263
B1058,P1693,SJ043,2025-12-07 11:37:36.951,PENDING,8C,Adya Tella,f93fc5b8f41c836b,+91-******4081
B1059,P1124,UK140,2026-01-03 11:37:36.951,CONFIRMED,23B,Pranav Tripathi,932065e04863f4c6,+91-******0433
B1060,P1066,6F086,2025-12-30 11:37:36.951,CONFIRMED,11A,Hitesh Misra,05f3d6b7a3517179,+91-******7113
B1061,P1005,6F114,2026-04-05 11:37:36.951,CANCELLED,19C,Yashica Issac,0296cf4c371c103a,+91-******7530
B1062,P1636,UK153,2025-06-12 11:37:36.951,CANCELLED,15D,Michael Prakash,cdfa84a9b9646477,+91-******7050
B1063,P1313,6F149,2025-05-19 11:37:36.951,CANCELLED,9A,Neel Zacharia,26fe229152e764c4,+91-******0081
B1064,P1325,UK145,2025-09-14 11:37:36.951,CONFIRMED,24E,Aadi Naik,da6bd392194e0730,+91-******2918
B1065,P1564,UK010,2026-03-06 11:37:36.951,CANCELLED,7B,Vrinda Bahl,4b8e984326743f03,+91-******8991
B1066,P1577,SJ003,2025-11-05 11:37:36.951,PENDING,1B,Isaac Patil,3cb2c86e89a96e35,+91-******8025
B1067,P1825,SJ160,2025-07-23 11:37:36.951,PENDING,7F,Damyanti Khatri,c25bf736040d96af,+91-******9825
B1068,P1505,UK224,2025-11-22 11:37:36.951,PENDING,23A,Dalbir Khosla,4e6c0aada89e3523,+91-******9882
B1069,P1081,UK152,2025-08-02 11:37:36.951,CONFIRMED,16E,Farhan Chada,a62394e2c13ca231,+91-******6369
B1070,P1598,SJ034,2025-09-22 11:37:36.951,CANCELLED,15D,Vedika Biswas,460fb46958bd358e,+91-******3428
B1071,P1001,UK215,2025-12-21 11:37:36.951,CANCELLED,15F,Jeremiah Dave,3908c87404af101b,+91-******0870
B1072,P1203,UK089,2025-08-10 11:37:36.951,CANCELLED,18F,Vaishnavi Gandhi,829a5131166353ef,+91-******2708
B1073,P1661,6F180,2025-12-04 11:37:36.951,CONFIRMED,16A,Alka Wable,2f3fda6f401627a4,+91-******4571
B1074,P1804,6F188,2025-09-25 11:37:36.951,CONFIRMED,7A,Pallavi Kakar,2b7e5c29878ccee9,+91-******6104
B1075,P1403,UK131,2026-01-03 11:37:36.951,CONFIRMED,2F,Sai Muni,5a8625975fd85a29,+91-******7796
B1076,P1102,UK055,2025-05-04 11:37:36.951,CONFIRMED,12B,Mohini Prakash,dab6677257e0df4d,+91-******9350
B1077,P1535,UK181,2025-05-03 11:37:36.951,PENDING,3A,Raksha Varughese,d6789f8b10569f0b,+91-******9292
B1078,P1367,6F077,2025-09-21 11:37:36.951,CONFIRMED,1B,Siya Dara,daeb52205df087fe,+91-******0016
B1079,P1211,SJ085,2025-06-03 11:37:36.951,CONFIRMED,10D,Yug Kar,04dd042c1e1ab3ff,+91-******8019
B1080,P1576,SJ023,2025-06-05 11:37:36.951,CONFIRMED,22D,Devansh Nigam,ed6b7590cce5d1cf,+91-******0958
B1081,P1960,SJ202,2025-11-13 11:37:36.951,CANCELLED,29C,Ansh Karpe,fc5693cfa4ecd4c4,+91-******8400
B1082,P1208,SJ150,2025-09-09 11:37:36.951,CANCELLED,30A,Thomas Amble,8d8e07d18c560ccc,+91-******4669
B1083,P1762,SJ116,2025-05-12 11:37:36.951,CANCELLED,9A,Ekavir Bhargava,7692ebdaa67d0145,+91-******4087
B1084,P1896,6F270,2025-06-14 11:37:36.951,PENDING,16E,Veer Bir,a73f4fb59b6adb79,+91-******8688
B1085,P1116,UK150,2026-03-24 11:37:36.951,PENDING,12A,Azad Narayanan,b5445c25a22ff182,+91-******9329
B1086,P1627,SJ237,2026-02-16 11:37:36.951,CONFIRMED,5D,Ekavir Varkey,353ce93dac98d0e1,+91-******3483
B1087,P1748,AI221,2025-05-08 11:37:36.951,CANCELLED,2F,Wazir Mallick,b5b24442fce4fc3e,+91-******8674
B1088,P1477,SJ081,2026-03-25 11:37:36.951,PENDING,31A,Vedika Kala,787ca2cc91810d7a,+91-******7433
B1089,P1104,UK189,2025-09-03 11:37:36.951,CANCELLED,25F,Kevin Solanki,9fe4832e46605171,+91-******1422
B1090,P1494,SJ068,2025-05-16 11:37:36.951,PENDING,31C,Xavier Solanki,7839eaee1278bad2,+91-******1775
B1091,P1770,6F043,2025-08-18 11:37:36.951,PENDING,25D,Niharika Gupta,dc742f97ecc693fb,+91-******1387
B1092,P1045,UK187,2026-03-18 11:37:36.951,CONFIRMED,16D,Girindra Chatterjee,eeefb195c4346565,+91-******6973
B1093,P1822,UK074,2025-05-11 11:37:36.951,CONFIRMED,25E,Raagini Pandya,c6dfeae13ecd8e69,+91-******0231
B1094,P1330,UK004,2026-01-07 11:37:36.951,PENDING,24C,Pallavi Roy,95c4cf1c17f97b6f,+91-******7557
B1095,P1215,6F194,2025-07-30 11:37:36.951,CONFIRMED,14B,Unni Bhagat,3780979a5959ac4f,+91-******2655
B1096,P1981,UK068,2026-01-03 11:37:36.951,PENDING,12B,Guneet Bhat,b80bb2ec148699cb,+91-******8767
B1097,P1959,6F017,2025-08-26 11:37:36.951,UNKNOWN,34F,Neha Nori,f7e02a56d9f1abe8,+91-******9257
B1098,P1491,6F245,2025-10-15 11:37:36.951,UNKNOWN,13D,Ikbal Kothari,fb89aebe8aba1170,+91-******0675
B1099,P1812,6F254,2025-12-07 11:37:36.951,CONFIRMED,26E,Rehaan Gupta,693da76722da27ae,+91-******5408
B1100,P1921,UK077,2026-03-05 11:37:36.951,CONFIRMED,16D,Saumya Dey,eb419af2876a17e8,+91-******2423
B1101,P1844,AI029,2025-07-19 11:37:36.951,CONFIRMED,3D,Pahal Goswami,2b318a4903e34f1d,+91-******0041
B1102,P1448,SJ196,2025-10-06 11:37:36.951,UNKNOWN,15F,Arya Shere,3af30f986bc10fdf,+91-******7824
B1103,P1535,AI242,2025-08-08 11:37:36.951,CANCELLED,20D,Zaid Borra,da51ed01fc777418,+91-******0195
B1104,P1510,AI242,2025-09-12 11:37:36.951,CANCELLED,16E,Saanvi Chaudhari,c2b4835877d40b7a,+91-******1992
B1105,P1457,SJ044,2025-09-11 11:37:36.951,CONFIRMED,19F,Chandresh Zachariah,1d3dac43b1594a12,+91-******2865
B1106,P1546,UK063,2025-09-01 11:37:36.951,CONFIRMED,21F,Alexander Chander,60b7af71e1bbb27b,+91-******7368
B1107,P1535,AI056,2025-05-19 11:37:36.951,CONFIRMED,30F,Warjas Ganesan,6a1fb7f1be0bccc7,+91-******1339
B1108,P1539,UK207,2025-10-11 11:37:36.951,CANCELLED,14B,Niharika Sunder,324fbc9c9b6f4a77,+91-******0049
B1109,P1483,UK166,2025-12-03 11:37:36.951,CANCELLED,33D,Vasana Kala,320a00e4dcb15636,+91-******1363
B1110,P1975,6F261,2025-12-17 11:37:36.951,PENDING,12B,Nandini Bhargava,3f1988a5001b2e1b,+91-******8743
B1111,P1999,UK134,2025-12-25 11:37:36.951,CANCELLED,34A,Nitesh Raghavan,931436b7fc1d5cff,+91-******0327
B1112,P1015,6F152,2025-10-02 11:37:36.951,PENDING,27A,Aarnav Ramakrishnan,549b6d9a573b2201,+91-******0611
B1113,P1570,SJ089,2025-11-23 11:37:36.951,CONFIRMED,5A,Alka Sha,789f60f260936222,+91-******3389
B1114,P1976,6F123,2025-09-26 11:37:36.951,CANCELLED,2E,Bhavika Sampath,8dfedddcce752555,+91-******8435
B1115,P1242,AI025,2025-08-23 11:37:36.951,CONFIRMED,10A,Vidhi Dubey,26050249f05f3f74,+91-******1024
B1116,P1949,6F030,2025-12-05 11:37:36.951,CONFIRMED,19B,Ranveer Minhas,89c9ea9c8f3c9e81,+91-******1177
B1117,P1206,SJ222,2025-09-02 11:37:36.951,CONFIRMED,28F,Teerth Bhardwaj,872278f4b558af07,+91-******6273
B1118,P1911,UK109,2026-04-03 11:37:36.951,CONFIRMED,34B,Darsh Murthy,fc3df106b0b21179,+91-******2542
B1119,P1270,SJ117,2025-11-25 11:37:36.951,CANCELLED,21F,Dakshesh Bedi,11657afab1fb6dc9,+91-******5920
B1120,P1760,SJ142,2025-08-12 11:37:36.951,CONFIRMED,12D,Vansha Thakkar,b84615456a996ebe,+91-******9377
B1121,P1993,SJ142,2025-06-01 11:37:36.951,PENDING,17C,Nakul Bhandari,d6c9529c06c807cb,+91-******9980
B1122,P1778,AI030,2025-05-02 11:37:36.951,CANCELLED,20B,Yashoda Buch,14b099409634db76,+91-******0459
B1123,P1704,6F097,2025-09-23 11:37:36.951,CONFIRMED,8A,Quincy Biswas,84b99269d7259fde,+91-******3440
B1124,P1846,6F129,2025-05-23 11:37:36.951,CANCELLED,5C,Ekansh Keer,789b2151d973ab83,+91-******1753
B1125,P1729,6F181,2026-01-15 11:37:36.951,PENDING,27E,Netra Dar,a0cab12df09a4074,+91-******5564
B1126,P1114,AI072,2025-10-20 11:37:36.951,CONFIRMED,10E,Yatin Baral,1662c7047ff4c2ab,+91-******6718
B1127,P1579,SJ154,2025-06-29 11:37:36.951,PENDING,2E,Finn Saini,e8cfa1e951a82671,+91-******6141
B1128,P1298,AI031,2026-04-08 11:37:36.951,CONFIRMED,10D,Diya Lal,742f734c27679954,+91-******9264
B1129,P1836,AI031,2025-09-18 11:37:36.951,PENDING,26F,Samarth Murthy,c410880c10b4e3fc,+91-******4894
B1130,P1482,6F158,2025-12-26 11:37:36.951,CONFIRMED,34E,William Lanka,f09c0a93b6e2e17f,+91-******1553
B1131,P1396,6F184,2025-06-16 11:37:36.951,CANCELLED,1C,Meghana Deep,2b93216a02a743ce,+91-******6703
B1132,P1393,UK141,2025-06-20 11:37:36.951,CONFIRMED,10D,Charita Shankar,706954c03a671001,+91-******2875
B1133,P1074,6F168,2025-12-29 11:37:36.951,CANCELLED,23D,Diya Bora,d378f468ed045771,+91-******2496
B1134,P1977,6F051,2025-07-28 11:37:36.951,CONFIRMED,34C,Aditya Shanker,0a9256c654868404,+91-******9254
B1135,P1481,6F047,2025-12-02 11:37:36.951,CONFIRMED,20E,Harish Borah,19675c77c0ce2ef1,+91-******6706
B1136,P1102,UK156,2025-10-26 11:37:36.951,PENDING,28E,Tanay Toor,1a8e2ee9604dd7ba,+91-******2968
B1137,P1296,AI094,2025-09-01 11:37:36.951,PENDING,13E,Alka Deo,3ffce22827c5a12c,+91-******1393
B1138,P1177,AI038,2025-07-14 11:37:36.951,PENDING,6C,Ikshita Biswas,d55b6e72cb263db9,+91-******1934
B1139,P1214,6F255,2026-01-19 11:37:36.951,CONFIRMED,29F,Yash Pingle,bbae7556e98aab26,+91-******2157
B1140,P1966,SJ025,2026-01-23 11:37:36.951,CONFIRMED,29D,Bhavani Dugar,f8f7cdc9ecb48ca5,+91-******1700
B1141,P1314,SJ185,2025-10-28 11:37:36.951,CONFIRMED,9C,Raksha Mittal,49d97b1c4c7dc5b6,+91-******5455
B1142,P1038,6F259,2026-01-21 11:37:36.951,CANCELLED,5C,Abhiram Mistry,fcde0e2b5da25ae6,+91-******4971
B1143,P1258,6F073,2026-04-07 11:37:36.951,CANCELLED,15A,Hemang Desai,afdc34ca2d557c15,+91-******9840
B1144,P1715,AI091,2025-09-26 11:37:36.951,CONFIRMED,6D,Aishani D’Alia,7d87c96db5c0306d,+91-******7996
B1145,P1006,6F191,2025-08-23 11:37:36.951,PENDING,15D,Hredhaan Dugal,c42e261739311d31,+91-******6715
B1146,P1048,UK228,2025-08-30 11:37:36.951,PENDING,25A,Anita Manda,b7639e905434a697,+91-******8150
B1147,P1537,6F146,2026-03-25 11:37:36.951,PENDING,11E,Shivansh Oza,50a1a04ea43fe448,+91-******9430
B1148,P1160,6F068,2025-10-13 11:37:36.951,CONFIRMED,19A,Samar Lalla,1824f7428d639b28,+91-******0672
B1149,P1868,SJ218,2026-01-08 11:37:36.951,PENDING,30F,Yashasvi Suresh,1070d881d49cf2af,+91-******2528
B1150,P1175,UK083,2025-09-25 11:37:36.951,CONFIRMED,12A,Zayan Behl,3b18d93f584be98b,+91-******2234
B1151,P1590,SJ007,2026-01-18 11:37:36.951,CANCELLED,29B,George Sampath,14689b785bc985f0,+91-******9085
B1152,P1001,AI077,2025-08-14 11:37:36.951,PENDING,27A,Aradhana Basu,9fbb2208f9766832,+91-******8402
B1153,P1894,UK017,2025-12-20 11:37:36.951,CANCELLED,8D,Aarush Nath,27fa8ad298e54db4,+91-******9050
B1154,P1454,6F229,2026-02-17 11:37:36.951,PENDING,24A,Kalpit Lala,3c315599a219a423,+91-******7005
B1155,P1927,6F074,2025-10-08 11:37:36.951,CONFIRMED,6D,Neel Sathe,ab2ce452d61eed45,+91-******5900
B1156,P1643,SJ088,2026-03-25 11:37:36.951,CONFIRMED,5E,Prisha Andra,18105491da73b71e,+91-******8235
B1157,P1275,SJ167,2025-06-28 11:37:36.951,CONFIRMED,18B,Isaac Borra,d05f1dac37acdbb5,+91-******0380
B1158,P1497,6F234,2025-07-20 11:37:36.951,CONFIRMED,22A,Manthan Banik,02e620d5c290a397,+91-******3787
B1159,P1628,UK071,2025-12-10 11:37:36.951,PENDING,22F,Kala Divan,37f83968179dbd01,+91-******1686
B1160,P1675,AI178,2025-11-21 11:37:36.951,CANCELLED,29A,Qushi Datta,f60d6ae35bcbee28,+91-******5204
B1161,P1799,UK104,2025-11-14 11:37:36.951,CONFIRMED,12A,Benjamin Morar,704cb66091633178,+91-******1674
B1162,P1027,AI146,2025-04-22 11:37:36.951,UNKNOWN,32D,Janya Baral,7614e3e997090be5,+91-******9690
B1163,P1332,SJ235,2025-11-10 11:37:36.951,CANCELLED,13D,Ishita Kade,c4d3ee9b910c5e48,+91-******2987
B1164,P1000,6F209,2025-04-24 11:37:36.951,CONFIRMED,24A,Zaid Chauhan,fbd36eb2eaea50ed,+91-******2471
B1165,P1187,AI129,2025-08-20 11:37:36.951,CANCELLED,2F,Irya Ray,7e1e2b1f17b8b4b5,+91-******2367
B1166,P1055,SJ141,2026-01-23 11:37:36.951,CONFIRMED,34D,Mohammed Khalsa,afd59be446e44c9a,+91-******7690
B1167,P1546,SJ018,2026-02-02 11:37:36.951,CANCELLED,9F,Nicholas Goel,25c9918012ccad8a,+91-******6854
B1168,P1111,UK120,2025-10-14 11:37:36.951,CANCELLED,11C,Nitara Bakshi,b2a4552d3e133305,+91-******3269
B1169,P1797,AI078,2025-11-15 11:37:36.951,CONFIRMED,11E,Praneel Natarajan,ed1edafa73bc76f8,+91-******7397
B1170,P1309,AI079,2025-09-14 11:37:36.951,PENDING,15E,Nisha Kothari,b89fef1bedb516d1,+91-******4039
B1171,P1035,UK087,2025-09-19 11:37:36.951,CANCELLED,21A,Amara Dutta,5587d350cca62364,+91-******5830
B1172,P1438,UK133,2026-01-17 11:37:36.951,CONFIRMED,8F,Hritik Raja,c4cd72969b5315c5,+91-******9600
B1173,P1728,AI222,2025-06-01 11:37:36.951,CANCELLED,22E,Balvan Singhal,2826a2e130e92ede,+91-******0197
B1174,P1591,6F049,2026-04-12 11:37:36.951,CANCELLED,19D,Tristan Iyengar,29e92ad39b5d6a5c,+91-******4287
B1175,P1825,6F105,2026-01-29 11:37:36.951,PENDING,27D,Triveni Palla,466c0cb9c6566748,+91-******0363
B1176,P1594,SJ226,2025-04-17 11:37:36.951,CANCELLED,7C,Dalaja Kari,25b0176f8e2de949,+91-******7327
B1177,P1576,SJ227,2025-07-29 11:37:36.951,CANCELLED,34D,Udant Bajwa,1faa946c34da555b,+91-******0863
B1178,P1324,6F034,2026-02-05 11:37:36.951,CONFIRMED,34E,Reyansh Rastogi,0e2f11d40ecb3e76,+91-******2098
B1179,P1639,SJ078,2025-10-03 11:37:36.951,CONFIRMED,33D,Falguni Mallick,70e7a5fb17d65d4f,+91-******5466
B1180,P1306,AI240,2026-04-10 11:37:36.951,PENDING,22F,Ekaraj Mallick,a64c6645c82fe4ff,+91-******9558
B1181,P1533,SJ002,2026-03-29 11:37:36.951,CANCELLED,12E,Indali Upadhyay,77e39000ffec8425,+91-******9169
B1182,P1727,AI044,2025-08-11 11:37:36.951,CANCELLED,3A,Mugdha Yadav,4b02215cb1568771,+91-******4521
B1183,P1618,UK076,2025-06-22 11:37:36.951,CANCELLED,8C,Garima Bala,86829e1ac6a1acf3,+91-******8652
B1184,P1108,6F232,2025-08-01 11:37:36.951,PENDING,28E,Jack Lal,62190f4d1de67f08,+91-******6490
B1185,P1371,SJ228,2025-08-16 11:37:36.951,CANCELLED,25E,Pranav Lanka,287a4af8dd539be3,+91-******6542
B1186,P1356,SJ074,2026-04-04 11:37:36.951,CONFIRMED,1B,Balvan Chopra,d05484ef6ee594fd,+91-******4213
B1187,P1180,UK229,2025-08-04 11:37:36.951,PENDING,7F,Radha Pai,e41475699a6d3c20,+91-******5908
B1188,P1355,AI208,2026-04-04 11:37:36.951,CONFIRMED,6A,Dipta Sarin,7a099f39ae7927f3,+91-******9782
B1189,P1675,AI019,2025-11-23 11:37:36.951,CONFIRMED,14F,Yasti D’Alia,1e0b58e9054391e8,+91-******8556
B1190,P1067,6F029,2025-05-23 11:37:36.951,PENDING,12B,Lekha Gupta,fb4608a3ca51111d,+91-******1523
B1191,P1291,6F018,2025-04-27 11:37:36.951,CONFIRMED,25B,Aachal Basu,667823d76db39ff3,+91-******2358
B1192,P1691,AI059,2025-06-23 11:37:36.951,CANCELLED,7D,Rajata Agarwal,6fc5ff2593b645cd,+91-******5924
B1193,P1180,AI159,2025-05-22 11:37:36.951,PENDING,13D,Zinal Yohannan,afa5b00ae8c19c0b,+91-******0978
B1194,P1465,6F091,2025-07-11 11:37:36.951,CONFIRMED,14F,Ronith Patla,21772342d60b2d20,+91-******6626
B1195,P1433,6F084,2025-07-20 11:37:36.951,CANCELLED,10B,Raagini Boase,7a5de755198c824b,+91-******6166
B1196,P1463,UK170,2026-01-15 11:37:36.951,CANCELLED,20C,Ganga Murthy,410a1643c227b328,+91-******4596
B1197,P1680,UK212,2025-05-19 11:37:36.951,CONFIRMED,2E,Jeet Mital,b4308a23ef273621,+91-******7338
B1198,P1913,SJ022,2025-06-16 11:37:36.951,UNKNOWN,29A,Yashica More,e443111bff25ce9e,+91-******2983
B1199,P1533,SJ075,2025-12-13 11:37:36.951,PENDING,30E,Nilima Narain,e44d23e29f0e31c6,+91-******7632
B1200,P1065,UK177,2025-09-17 11:37:36.951,CONFIRMED,16B,Neha Merchant,d5b06c9879e93652,+91-******8921
B1201,P1020,UK206,2026-02-01 11:37:36.951,CANCELLED,3A,Joshua Handa,3e29f2cb2f8234e9,+91-******4055
B1202,P1611,UK079,2025-04-29 11:37:36.951,CANCELLED,29C,Osha Raghavan,69fda9e79160beb5,+91-******6263
B1203,P1383,UK040,2025-06-21 11:37:36.951,CONFIRMED,3B,Owen Mitra,0a16a9bbb8a5b9ee,+91-******0009
B1204,P1811,AI034,2025-07-25 11:37:36.951,CONFIRMED,30A,Nidra Acharya,814d6c12e4912cff,+91-******2075
B1205,P1614,UK034,2025-10-18 11:37:36.951,CONFIRMED,23F,Daksha Mangat,ee04af9da49bffa2,+91-******4339
B1206,P1558,AI088,2025-07-02 11:37:36.951,CONFIRMED,13A,Shivansh Sani,92b485c38fbce3d1,+91-******2395
B1207,P1038,AI128,2025-06-11 11:37:36.951,PENDING,26A,Ekanta Shroff,469b6ab25310994b,+91-******6415
B1208,P1284,SJ052,2025-07-22 11:37:36.951,UNKNOWN,9A,Riya Sathe,95582300eb4865ac,+91-******2858
B1209,P1821,AI233,2025-12-15 11:37:36.951,PENDING,3A,Tanay Vaidya,d4b8065ae6c579ac,+91-******6064
B1210,P1601,AI012,2026-01-20 11:37:36.951,PENDING,3C,Urvashi Gara,4c431f72d5d04d2f,+91-******4358
B1211,P1596,AI084,2025-07-07 11:37:36.951,CONFIRMED,34A,Frado Mander,023ae20162c2f317,+91-******5378
B1212,P1784,6F126,2025-07-08 11:37:36.951,PENDING,34B,Yutika Nayak,3af066e17c571ac5,+91-******6819
B1213,P1335,SJ061,2025-06-16 11:37:36.951,CONFIRMED,2E,Girik Keer,6de19bcd15edd069,+91-******1107
B1214,P1187,UK194,2025-08-14 11:37:36.951,UNKNOWN,23B,Dayita Kar,c88d65fea3680e5f,+91-******9571
B1215,P1670,AI135,2025-08-08 11:37:36.951,CANCELLED,28C,Rushil Din,a4ccb4cebf51d991,+91-******3317
B1216,P1242,6F238,2025-12-09 11:37:36.951,CONFIRMED,10A,Aryan Batra,9e7c2e3450410e8a,+91-******5129
B1217,P1072,6F092,2026-03-19 11:37:36.951,CANCELLED,32C,Yash Soman,6dc3d57d8ab76aa9,+91-******8927
B1218,P1478,AI213,2025-11-13 11:37:36.951,PENDING,2D,Elijah Shah,f1b8efb28ccf874a,+91-******3132
B1219,P1973,UK193,2026-02-15 11:37:36.951,CANCELLED,1B,Oeshi Hayer,e6f7c7df80fc633f,+91-******0964
B1220,P1560,6F178,2026-04-04 11:37:36.951,PENDING,29C,Leena Talwar,2a111245db330168,+91-******2559
B1221,P1100,AI158,2026-03-06 11:37:36.951,CONFIRMED,19D,Mugdha Kohli,43dd69fe388e4217,+91-******5218
B1222,P1513,UK208,2026-03-30 11:37:36.951,PENDING,8A,Manbir Ahluwalia,b36b5e62db340ae2,+91-******5907
B1223,P1755,6F056,2026-04-09 11:37:36.951,UNKNOWN,15A,Hredhaan Sandal,102bf3cf727cb987,+91-******4660
B1224,P1175,UK185,2025-10-26 11:37:36.951,CONFIRMED,1E,Theodore Goda,52bb409870cf2f6b,+91-******9317
B1225,P1237,AI163,2026-01-13 11:37:36.951,PENDING,4D,Zarna Shetty,6c2608bc4b6a8e04,+91-******1229
B1226,P1909,AI112,2025-08-23 11:37:36.951,CONFIRMED,15C,Chandresh Krish,7c9b8796ace1872c,+91-******3124
B1227,P1058,AI227,2025-10-23 11:37:36.951,CANCELLED,12A,Jairaj Shan,53d5b02c4ececebc,+91-******8218
B1228,P1864,SJ083,2026-04-17 11:37:36.951,CONFIRMED,29D,Kiaan Shetty,5cea9f976a13567d,+91-******2235
B1229,P1098,UK073,2026-02-07 11:37:36.951,CONFIRMED,13F,Edhitha Savant,e7d8dac664c7741b,+91-******1227
B1230,P1953,6F169,2025-04-29 11:37:36.951,PENDING,6C,Yamini Sandhu,c07e950faded4337,+91-******2051
B1231,P1870,UK154,2026-04-06 11:37:36.951,CANCELLED,27D,Sanaya Dutt,56faa0947b399988,+91-******5590
B1232,P1953,SJ169,2025-10-06 11:37:36.951,CONFIRMED,32F,Vaishnavi Sengupta,01707546bff7edec,+91-******1252
B1233,P1494,6F187,2025-05-13 11:37:36.951,CANCELLED,5F,Aashi Kota,bb896c0cbe48a46d,+91-******9119
B1234,P1946,UK210,2025-11-21 11:37:36.951,CANCELLED,33A,Aradhana Verma,39097a96fd52f1ab,+91-******4349
B1235,P1979,6F250,2025-12-23 11:37:36.951,PENDING,13D,Vedhika Khare,6cb9395cb1c9c17e,+91-******0345
B1236,P1513,AI062,2025-07-05 11:37:36.951,CONFIRMED,25A,Anvi Sarraf,271679179d225d90,+91-******2732
B1237,P1754,AI047,2025-11-16 11:37:36.951,UNKNOWN,15B,Faras Mangal,121b9f591e6061df,+91-******1042
B1238,P1296,SJ186,2025-10-20 11:37:36.951,UNKNOWN,8E,Wahab Magar,ad635b7764298da4,+91-******4048
B1239,P1210,AI217,2025-11-17 11:37:36.951,CANCELLED,30A,Gautami Nagarajan,bfcfa5d90de2ed50,+91-******8284
B1240,P1122,UK100,2025-12-31 11:37:36.951,CONFIRMED,17A,Faris Devi,cba42f3eeb784d65,+91-******5606
B1241,P1228,UK116,2025-12-16 11:37:36.951,CONFIRMED,10A,Matthew Kashyap,3908b31871d0dc99,+91-******1868
B1242,P1593,6F036,2025-12-01 11:37:36.951,CANCELLED,26C,Leela Dua,35124f879d9bdc9c,+91-******3494
B1243,P1655,AI175,2026-01-22 11:37:36.951,CANCELLED,29E,Tanish Bhatt,f01fed20d615bfb1,+91-******2271
B1244,P1387,UK051,2025-08-18 11:37:36.951,CONFIRMED,27D,Oeshi Reddy,a096da9604312585,+91-******5439
B1245,P1139,6F201,2026-04-17 11:37:36.951,UNKNOWN,26A,Ganga Shukla,158444325e6a5961,+91-******9724
B1246,P1540,6F230,2026-04-09 11:37:36.951,CONFIRMED,33B,Ojasvi Bhatia,0da0daebff36ffa7,+91-******7156
B1247,P1390,SJ138,2025-08-13 11:37:36.951,CANCELLED,15F,Samuel Salvi,29e7e007c93225f8,+91-******4867
B1248,P1269,AI246,2026-03-04 11:37:36.951,PENDING,16B,Lopa Bahri,983f6a394bfa18dc,+91-******8805
B1249,P1758,6F179,2025-06-06 11:37:36.951,CANCELLED,26B,Lajita Sood,48fd39716a1b09b8,+91-******3294
B1250,P1011,6F031,2026-01-28 11:37:36.951,CANCELLED,16F,Abeer Pandey,b05acaaa26ffe2cf,+91-******9472
B1251,P1866,UK015,2025-08-30 11:37:36.951,PENDING,29A,Chanchal Ramakrishnan,ad3874deb14adcb7,+91-******0000
B1252,P1388,UK001,2025-04-21 11:37:36.951,CANCELLED,27C,Oni Yohannan,72295d408d5005a6,+91-******8619
B1253,P1336,6F133,2026-02-27 11:37:36.951,CANCELLED,15E,Thomas Sura,ea593d2c3b9d9ab7,+91-******2911
B1254,P1505,6F143,2025-07-22 11:37:36.951,CANCELLED,5D,Theodore Mahajan,47682f6856f8cd6f,+91-******7840
B1255,P1105,UK165,2025-09-22 11:37:36.951,CANCELLED,23F,Rajata Sunder,219bef4831f829eb,+91-******1946
B1256,P1031,6F083,2025-08-10 11:37:36.951,CANCELLED,22B,Ayush Ramachandran,48493a1e45619550,+91-******0072
B1257,P1073,AI082,2025-08-19 11:37:36.951,CANCELLED,11C,Gayathri Ravel,b9d993e38146c100,+91-******7961
B1258,P1170,AI164,2025-10-28 11:37:36.951,CANCELLED,21F,Noah Sibal,d42f09f610f9243a,+91-******9118
B1259,P1848,SJ155,2026-01-19 11:37:36.951,CANCELLED,31F,Joshua Walla,4b77e15ca9a67f14,+91-******8041
B1260,P1068,AI189,2026-01-04 11:37:36.951,CANCELLED,1D,Avi Ramesh,4523ef270407c19e,+91-******9063
B1261,P1812,SJ057,2025-12-21 11:37:36.951,CONFIRMED,34A,Avi Chacko,8b12b9b6c47a74bc,+91-******0909
B1262,P1361,SJ198,2025-05-07 11:37:36.951,CONFIRMED,16F,Priya Deshmukh,93b683f45f63e716,+91-******8944
B1263,P1648,6F122,2026-01-03 11:37:36.951,CANCELLED,6C,Triya Gopal,363b9fb8fce1194f,+91-******8359
B1264,P1432,SJ097,2026-04-15 11:37:36.951,CONFIRMED,12A,Chandresh Lad,d2eaa1f0d671e6fe,+91-******0179
B1265,P1928,UK203,2025-08-06 11:37:36.951,PENDING,28F,Ladli Narang,9042ffc6235420bc,+91-******3723
B1266,P1995,UK093,2026-01-16 11:37:36.951,CONFIRMED,27F,Siddharth Sha,73908b01d924b10c,+91-******3106
B1267,P1099,AI205,2025-05-21 11:37:36.951,CANCELLED,32A,Eta Nazareth,eb44b7a5311fd8e7,+91-******0019
B1268,P1657,AI102,2026-01-16 11:37:36.951,UNKNOWN,12A,Ladli Mall,3cff8374d208d717,+91-******7177
B1269,P1008,6F046,2025-09-06 11:37:36.951,CONFIRMED,4C,Oviya Krishnan,8739a392d975ad68,+91-******0807
B1270,P1573,SJ017,2025-06-02 11:37:36.951,UNKNOWN,22E,Finn Singhal,5cfcbbb44314e2ad,+91-******2228
B1271,P1696,6F156,2025-10-20 11:37:36.951,PENDING,28B,Anirudh Zacharia,d8ba4d5d252f7b48,+91-******3662
B1272,P1028,AI068,2025-07-18 11:37:36.951,PENDING,19A,Charles Palla,640500d978ddaa98,+91-******8311
B1273,P1892,AI150,2025-06-05 11:37:36.951,UNKNOWN,28B,Udarsh Biswas,069b2c7abe450ba5,+91-******6375
B1274,P1113,UK008,2025-10-15 11:37:36.951,PENDING,20D,Banjeet Balasubramanian,df9df1cea85fc191,+91-******3571
B1275,P1461,6F166,2025-07-11 11:37:36.951,PENDING,18F,Yug Iyengar,d7881e02ec5c14d4,+91-******6536
B1276,P1920,6F177,2025-07-15 11:37:36.951,CONFIRMED,1A,Anmol Dua,00e170dec3f39461,+91-******9840
B1277,P1142,AI196,2026-01-19 11:37:36.951,PENDING,12E,William Date,142f5cb76d1edde1,+91-******6223
B1278,P1389,SJ191,2025-08-09 11:37:36.951,CONFIRMED,5B,Urvashi Contractor,0003f77c12cdd762,+91-******3565
B1279,P1631,6F019,2025-05-10 11:37:36.951,UNKNOWN,28C,Tejas Shroff,4190b8c35d5ceac4,+91-******4052
B1280,P1681,AI226,2026-04-12 11:37:36.951,CONFIRMED,33B,Aahana Pillay,217ef94d41a61ab6,+91-******9514
B1281,P1156,SJ207,2026-01-21 11:37:36.951,CANCELLED,4A,Oliver Contractor,348a1a78e838501b,+91-******9374
B1282,P1334,AI009,2025-12-30 11:37:36.951,CANCELLED,8B,Nihal Mukhopadhyay,d81e45c4922a75ea,+91-******2151
B1283,P1860,AI103,2025-05-08 11:37:36.951,UNKNOWN,29D,Hritik Bal,9ab4808a0aee5a55,+91-******7808
B1284,P1259,SJ127,2026-02-22 11:37:36.951,CANCELLED,25F,Devika Prashad,d6f10f5ff45f6400,+91-******0070
B1285,P1081,UK188,2026-03-26 11:37:36.951,CANCELLED,25B,Mekhala Issac,1b57d26efecdc40e,+91-******8913
B1286,P1753,6F010,2025-09-25 11:37:36.951,UNKNOWN,33B,Faqid Kibe,59f5bf71fe37d756,+91-******3362
B1287,P1440,SJ098,2025-12-13 11:37:36.951,CANCELLED,5F,Harsh Mitra,665cda5ea3706bcc,+91-******7930
B1288,P1944,6F058,2025-12-11 11:37:36.951,PENDING,18C,Jai Barman,0a453657a8991145,+91-******4865
B1289,P1171,SJ030,2026-03-23 11:37:36.951,PENDING,24F,Idika Walia,912e5deff48e328c,+91-******7017
B1290,P1230,UK175,2025-07-26 11:37:36.951,CANCELLED,16F,Priya Prabhakar,959dbab753b98273,+91-******9769
B1291,P1719,SJ108,2026-04-01 11:37:36.951,PENDING,28E,Ekapad Toor,b64d80e52b6b05a4,+91-******7572
B1292,P1074,6F075,2025-08-03 11:37:36.951,CONFIRMED,7C,Harita Arora,ef61e9a15b7fa058,+91-******3679
B1293,P1269,UK222,2025-08-31 11:37:36.951,CONFIRMED,25F,Osha Suri,aa7a8ba3800b824b,+91-******6545
B1294,P1898,6F250,2025-07-13 11:37:36.951,CANCELLED,34B,Hitesh Sant,5c1be3340e3e09ae,+91-******9502
B1295,P1625,AI096,2025-12-29 11:37:36.951,CANCELLED,14B,Janaki Sharaf,0c9373278df71e25,+91-******2053
B1296,P1061,AI216,2025-12-23 11:37:36.951,CANCELLED,1B,Michael Saran,691c9626fab47ae5,+91-******7733
B1297,P1873,6F193,2026-01-23 11:37:36.951,PENDING,8A,Patrick Vig,a7e1c411aee0eef4,+91-******8361
B1298,P1319,SJ194,2026-01-02 11:37:36.951,PENDING,6C,Anamika Yohannan,f5d1b416901ecc2a,+91-******2809
B1299,P1101,SJ020,2025-09-11 11:37:36.951,CONFIRMED,16F,Veda Shroff,9f205c3059639765,+91-******3217
B1300,P1428,6F070,2025-06-14 11:37:36.951,PENDING,21C,Rajata Loyal,4437ed6e1810562f,+91-******3521
B1301,P1873,AI051,2025-09-03 11:37:36.951,CONFIRMED,12A,Ekantika Korpal,71fc6b978e64cb41,+91-******4069
B1302,P1721,UK219,2025-12-27 11:37:36.951,PENDING,3D,Gabriel Mallick,9d5ca609c2e11889,+91-******4089
B1303,P1953,AI235,2025-12-13 11:37:36.951,CONFIRMED,20A,Shravya Kohli,7ed0701a6a9964e4,+91-******9768
B1304,P1254,6F022,2025-12-13 11:37:36.951,UNKNOWN,18E,Ucchal Raghavan,d24807292258b029,+91-******1700
B1305,P1531,SJ114,2025-09-28 11:37:36.951,PENDING,13C,Gayathri Balakrishnan,49ba46c5e75f0440,+91-******9203
B1306,P1569,SJ076,2025-12-01 11:37:36.951,CONFIRMED,30A,Warda Nair,9b40efdd02edca74,+91-******1450
B1307,P1111,UK227,2026-01-26 11:37:36.951,PENDING,32E,Qabil Sura,51c9538f633e0462,+91-******2614
B1308,P1984,UK135,2025-07-22 11:37:36.951,CANCELLED,30D,Simon Pant,497a0fa9fba2d128,+91-******2287
B1309,P1312,AI234,2025-05-06 11:37:36.951,CONFIRMED,30F,Aarna Oak,e43563330de40c32,+91-******2677
B1310,P1997,6F113,2025-08-20 11:37:36.951,PENDING,5D,Ati Majumdar,d73e460424314a38,+91-******3222
B1311,P1460,SJ206,2025-11-16 11:37:36.951,PENDING,9D,Advaith Varughese,24a2dd5953d1fa34,+91-******4288
B1312,P1707,AI015,2026-03-29 11:37:36.951,UNKNOWN,6E,Rayaan Chada,c4d086169a750746,+91-******0241
B1313,P1886,6F260,2025-05-16 11:37:36.951,CANCELLED,33E,Wyatt Ray,38525d5c1f8ae9da,+91-******9760
B1314,P1461,AI061,2025-04-28 11:37:36.951,CONFIRMED,19C,Vrinda Khosla,cdb6154d11533ac9,+91-******8284
B1315,P1864,6F237,2026-03-26 11:37:36.951,PENDING,9C,Vamakshi Swaminathan,20f9a1e0516eaf24,+91-******7462
B1316,P1091,SJ099,2026-01-06 11:37:36.951,PENDING,27C,Sara Badal,67689abdb8d7f167,+91-******2068
B1317,P1051,SJ146,2026-02-24 11:37:36.951,CANCELLED,21F,Girik Menon,b47a852f240a5167,+91-******9773
B1318,P1804,SJ146,2025-05-23 11:37:36.951,CANCELLED,29B,Timothy Ravel,15967d729aecdf5d,+91-******7023
B1319,P1519,6F071,2025-05-04 11:37:36.951,CONFIRMED,4C,Yagnesh Mohan,2f8d45159232b319,+91-******1758
B1320,P1811,6F272,2025-08-13 11:37:36.951,PENDING,6C,Jyoti Solanki,2c9c503922f39989,+91-******1202
B1321,P1097,SJ029,2026-02-12 11:37:36.951,PENDING,13A,Hemangini Sandal,6d2700a38d548513,+91-******1866
B1322,P1235,UK084,2025-07-27 11:37:36.951,CONFIRMED,6E,Ganga Pandey,e6f8b77cf283486d,+91-******0643
B1323,P1900,SJ048,2026-02-06 11:37:36.951,CONFIRMED,14D,Sudiksha Madan,1d2dd6c7e3ab38d0,+91-******2487
B1324,P1373,AI108,2026-02-04 11:37:36.951,CANCELLED,33B,Damini Krishnamurthy,ff1d9f0c94ac5410,+91-******4040
B1325,P1580,SJ134,2025-08-11 11:37:36.951,CANCELLED,3B,Vihaan Dara,b257d1364fcf4686,+91-******9747
B1326,P1926,UK146,2025-10-31 11:37:36.951,CONFIRMED,14F,Reyansh Mutti,4928a4597bf9ff72,+91-******8283
B1327,P1556,SJ036,2025-09-24 11:37:36.951,CONFIRMED,26C,Jagdish Wason,24e7d2bed5401e51,+91-******7662
B1328,P1648,6F202,2025-11-01 11:37:36.951,PENDING,33B,Qasim Handa,fbcc49740bee69b7,+91-******9958
B1329,P1233,UK041,2026-02-13 11:37:36.951,CONFIRMED,22C,Tarak Sule,04c2df7e3055c5dd,+91-******9243
B1330,P1031,6F078,2025-12-06 11:37:36.951,CONFIRMED,23A,Aradhana Vohra,7c74a634ab87bfc4,+91-******6256
B1331,P1288,AI097,2025-07-03 11:37:36.951,PENDING,22C,Barkha Chaudhry,7bedfb6edbc97683,+91-******9583
B1332,P1637,UK159,2026-01-15 11:37:36.951,CONFIRMED,7D,Rishi Minhas,aa7917807af2a7bb,+91-******2108
B1333,P1578,UK044,2025-09-06 11:37:36.951,CANCELLED,12B,Utkarsh Patel,ada839a2b3566f17,+91-******1145
B1334,P1541,6F176,2025-09-27 11:37:36.951,CANCELLED,6F,Praneel Mittal,df12b11e26da7102,+91-******9658
B1335,P1113,SJ221,2026-02-11 11:37:36.951,PENDING,4A,Akshay Walla,7758641bcfcffae1,+91-******8680
B1336,P1203,6F112,2025-07-03 11:37:36.951,CONFIRMED,22A,Jonathan Mahal,5b7194549b8c5ab6,+91-******3059
B1337,P1028,6F246,2025-10-20 11:37:36.951,UNKNOWN,4C,Chakradev Bhagat,1ac2ca0335d18dd3,+91-******6646
B1338,P1642,6F014,2026-02-21 11:37:36.951,CANCELLED,14C,Brinda Date,175731475f81e69a,+91-******2453
B1339,P1473,AI237,2025-09-17 11:37:36.951,CANCELLED,28A,Vritti Chauhan,d0f7fe6b13e7e650,+91-******9137
B1340,P1696,6F003,2025-12-14 11:37:36.951,CANCELLED,12E,Advik Mane,ccb113f060388251,+91-******0823
B1341,P1252,6F249,2025-07-04 11:37:36.951,CONFIRMED,5A,Upasna Srinivas,bbd80c064ee67cd3,+91-******1075
B1342,P1797,UK149,2025-04-29 11:37:36.951,CONFIRMED,4A,Ridhi Oak,33a3535b78b20f63,+91-******1209
B1343,P1904,SJ163,2026-03-08 11:37:36.951,CONFIRMED,9F,Qarin Behl,6ca5b32549694f59,+91-******5104
B1344,P1921,SJ243,2026-03-28 11:37:36.951,CONFIRMED,1D,Zayyan Sridhar,07f0bc71fd91a31b,+91-******5145
B1345,P1385,UK113,2025-06-06 11:37:36.951,CANCELLED,1A,Ishaan Bhattacharyya,a5daf2e8f4531a6f,+91-******7922
B1346,P1061,AI071,2025-06-07 11:37:36.951,PENDING,30E,Nandini Swamy,681f904ad52c424e,+91-******1806
B1347,P1514,6F271,2026-02-07 11:37:36.951,PENDING,22A,Ethan Bera,00a66261287c6861,+91-******6679
B1348,P1429,SJ015,2025-06-05 11:37:36.951,CANCELLED,27E,Max Dixit,5f301b0ba7ccb4f5,+91-******3196
B1349,P1579,UK047,2025-11-19 11:37:36.951,CANCELLED,9E,Daksha Chada,5d8d4baffff6be84,+91-******4833
B1350,P1536,UK020,2026-02-04 11:37:36.951,PENDING,12A,Yuvraj Dani,e9f08ab11a79a0f1,+91-******8891
B1351,P1690,AI122,2025-09-03 11:37:36.951,PENDING,27F,Omaja Kara,402773efa149b4a3,+91-******6783
B1352,P1140,UK223,2025-10-20 11:37:36.951,CANCELLED,17D,Lajita Seshadri,0eb08a05c60b4813,+91-******2884
B1353,P1742,6F148,2025-09-19 11:37:36.951,CANCELLED,15F,Saanvi Mishra,b96ce92d3c977066,+91-******4844
B1354,P1299,SJ162,2025-12-14 11:37:36.951,CONFIRMED,34A,Pushti Mody,9a64abfcb02a5ab8,+91-******9213
B1355,P1674,6F127,2026-03-30 11:37:36.951,CONFIRMED,28B,Darpan Chaudhary,7702c0c7d09e733d,+91-******1313
B1356,P1310,AI173,2025-11-10 11:37:36.951,PENDING,11F,Sarthak Kakar,a0048b680a0c3213,+91-******8460
B1357,P1470,6F065,2026-02-05 11:37:36.951,UNKNOWN,14A,Aishani Bumb,cc05021b7e480850,+91-******9923
B1358,P1392,AI053,2025-06-22 11:37:36.951,PENDING,20A,Naksh Khatri,44a787f5c7f3c707,+91-******0560
B1359,P1641,AI241,2025-10-22 11:37:36.951,CONFIRMED,14E,Oscar Borde,0df3c26c1d9a1649,+91-******8471
B1360,P1444,AI105,2025-06-15 11:37:36.951,UNKNOWN,18D,Naksh Agate,56d5d91c069771ec,+91-******2317
B1361,P1757,AI110,2025-08-24 11:37:36.951,PENDING,13F,Nilima Seshadri,405df91caeda8214,+91-******3821
B1362,P1808,AI252,2025-10-22 11:37:36.951,CONFIRMED,15B,Upma Manne,6e90791109cf2a10,+91-******7951
B1363,P1171,AI149,2025-12-14 11:37:36.951,CANCELLED,3B,Bachittar Kata,fa04490151f10a1a,+91-******7515
B1364,P1575,AI224,2025-09-09 11:37:36.951,PENDING,23F,Bhavya Mandal,47ce1895315db10d,+91-******8079
B1365,P1030,UK158,2025-07-03 11:37:36.951,CANCELLED,15B,Sudiksha Bobal,a33cfeaddf4ae4d6,+91-******0703
B1366,P1046,6F125,2025-05-05 11:37:36.951,CANCELLED,25E,Vivaan Lalla,1c3ba54320320a7a,+91-******5252
B1367,P1129,UK164,2025-12-14 11:37:36.951,CONFIRMED,18A,Rudra Sandal,df2ef55a7363268d,+91-******0157
B1368,P1351,UK007,2025-12-26 11:37:36.951,CANCELLED,1E,Ishwar Kar,da7d5e0922b2c7c8,+91-******7814
B1369,P1977,6F118,2026-03-18 11:37:36.951,PENDING,15F,Manthan Lata,b1b564b8900a1215,+91-******2076
B1370,P1844,SJ004,2026-01-01 11:37:36.951,CANCELLED,19C,Lucky Bora,fbbfedb409ce20aa,+91-******3721
B1371,P1621,6F206,2025-09-25 11:37:36.951,CANCELLED,15E,Darpan Gandhi,ab673c268b0b6bb4,+91-******1602
B1372,P1580,SJ130,2025-05-11 11:37:36.951,CANCELLED,11D,Damyanti Mani,e5683d8f5cd99f2f,+91-******2017
B1373,P1057,SJ070,2026-02-14 11:37:36.951,CANCELLED,22F,Reva Dash,5d66ccfa715a8a84,+91-******1304
B1374,P1105,AI085,2025-04-24 11:37:36.951,CANCELLED,7F,Upadhriti Modi,e19337a471ceaf82,+91-******7223
B1375,P1811,SJ109,2025-09-02 11:37:36.951,CONFIRMED,15B,Neha Magar,2b1f5483a4cc7892,+91-******9962
B1376,P1329,AI168,2025-08-24 11:37:36.951,PENDING,16B,Xiti Zacharia,272f505c37ab1597,+91-******9634
B1377,P1767,UK123,2025-10-24 11:37:36.951,CONFIRMED,26A,Wakeeta Sarma,f9036ada771a2986,+91-******1232
B1378,P1823,UK110,2026-01-16 11:37:36.951,PENDING,30D,Faris Baral,f585a0af8cdadab5,+91-******8535
B1379,P1682,AI206,2025-11-02 11:37:36.951,PENDING,31C,Rachana Naidu,75e6b8e20c4beb48,+91-******2178
B1380,P1382,6F007,2026-04-16 11:37:36.951,PENDING,6B,Zashil Bal,5850503d1da37199,+91-******7743
B1381,P1984,SJ013,2025-11-11 11:37:36.951,PENDING,33A,Gavin Karnik,25d8d806736c9818,+91-******3911
B1382,P1161,UK061,2025-09-19 11:37:36.951,PENDING,20D,Ansh Luthra,664c32a013817b37,+91-******2822
B1383,P1996,AI010,2025-09-24 11:37:36.951,CANCELLED,8C,Banjeet Gill,9f2376bf007e0326,+91-******2261
B1384,P1285,AI024,2025-05-16 11:37:36.951,CONFIRMED,11D,Upma Venkataraman,8acc935278d46678,+91-******3523
B1385,P1070,UK130,2025-06-08 11:37:36.951,CONFIRMED,30B,Riya Mall,352af51685036916,+91-******3433
B1386,P1766,AI161,2026-03-12 11:37:36.951,CANCELLED,10A,Pratyush Sarin,25b94b35c2255692,+91-******3897
B1387,P1453,SJ208,2025-07-23 11:37:36.951,PENDING,24F,Vyanjana Chand,fe741fa0d15aada3,+91-******8754
B1388,P1885,6F038,2025-09-23 11:37:36.951,UNKNOWN,8D,Upma Pall,ee46e55ce141f0e7,+91-******8221
B1389,P1566,6F085,2026-02-22 11:37:36.951,UNKNOWN,30D,Nilima Nath,5b0337f649c4d44e,+91-******6220
B1390,P1834,SJ028,2026-03-09 11:37:36.951,CANCELLED,8C,Ekani Cheema,e90f78cf72157732,+91-******0994
B1391,P1396,SJ084,2025-11-26 11:37:36.951,CONFIRMED,21F,Naveen Narayan,6c66927b488f6686,+91-******8281
B1392,P1514,AI139,2026-03-27 11:37:36.951,CONFIRMED,21D,Nisha Tandon,c6aed61e810837f7,+91-******7852
B1393,P1025,UK179,2026-04-06 11:37:36.951,PENDING,26E,Bhavya Rattan,b07a839f0d71b0e6,+91-******3402
B1394,P1312,6F256,2025-07-23 11:37:36.951,PENDING,23F,Balhaar Sha,b20bdee61b6bbccb,+91-******2923
B1395,P1125,UK023,2026-02-10 11:37:36.951,UNKNOWN,23B,Gaurang Murty,d7357156a6e404a6,+91-******8777
B1396,P1407,AI039,2025-08-03 11:37:36.951,UNKNOWN,13E,Zayyan Naik,2535e1ec2a432b45,+91-******9194
B1397,P1564,UK190,2026-02-05 11:37:36.951,CANCELLED,28D,Jack Raval,32f6bf49dcd7f3a3,+91-******3359
B1398,P1197,6F224,2026-02-04 11:37:36.951,PENDING,3E,Yoshita Agarwal,08af2eb8f4257835,+91-******2164
B1399,P1810,UK221,2025-05-31 11:37:36.951,PENDING,7A,Turvi Sachdev,ba0a84be81a24a6c,+91-******5517
B1400,P1187,SJ107,2026-04-02 11:37:36.951,CANCELLED,12F,Chatura Guha,b5e87d4c74685327,+91-******9488
B1401,P1697,UK155,2025-04-20 11:37:36.951,UNKNOWN,21D,Zarna Pathak,f7aa5a0c885017ea,+91-******6092
B1402,P1816,UK183,2026-03-21 11:37:36.951,CANCELLED,7E,Wishi Sathe,d7a7d31cb5c9471a,+91-******8758
B1403,P1809,SJ203,2025-05-08 11:37:36.951,PENDING,26A,Charan Jani,886ca7c450f6feb2,+91-******8210
B1404,P1715,6F253,2026-03-07 11:37:36.951,UNKNOWN,16A,Amara Deep,aba6403bcdd7e471,+91-******1783
B1405,P1483,AI100,2025-08-26 11:37:36.951,PENDING,32F,Bhavna Sarma,3e464b814eac09b3,+91-******0547
B1406,P1449,6F140,2025-06-24 11:37:36.951,CONFIRMED,15D,Vedhika Dara,ad101d350a5ddb9e,+91-******4687
B1407,P1522,UK048,2025-08-26 11:37:36.951,CONFIRMED,25A,Ayush Khatri,9826ff0c1804bc8c,+91-******5796
B1408,P1870,SJ204,2025-07-29 11:37:36.951,CONFIRMED,12F,Nathan Mukhopadhyay,4bcb9e78bb4742fe,+91-******5629
B1409,P1353,UK105,2026-03-24 11:37:36.951,CONFIRMED,28C,Akshay Reddy,a3dd6179270a3c9c,+91-******6973
B1410,P1985,AI098,2026-04-13 11:37:36.951,CONFIRMED,32C,Girik Kar,1b2f7dacd2d50b2a,+91-******7244
B1411,P1657,6F013,2025-10-12 11:37:36.951,CANCELLED,1A,Ishaan Shenoy,eb06f8b0987eb961,+91-******0131
B1412,P1596,6F128,2025-11-18 11:37:36.951,CANCELLED,28E,Jacob Dube,f09ecfe022259ccb,+91-******1987
B1413,P1099,SJ038,2025-10-05 11:37:36.951,UNKNOWN,14A,Wishi Manne,65110ab0608c5a43,+91-******3192
B1414,P1615,SJ182,2026-01-07 11:37:36.951,CONFIRMED,25F,Yashodhara Mahajan,b7d4741a35747989,+91-******1680
B1415,P1947,6F199,2026-03-22 11:37:36.951,PENDING,23B,Ojasvi Subramanian,20e9b755ab54b245,+91-******3723
B1416,P1557,SJ187,2025-08-17 11:37:36.951,CANCELLED,20B,Urmi Kohli,ba26634eb12f3525,+91-******6446
B1417,P1555,AI182,2025-08-18 11:37:36.951,PENDING,8E,Tanmayi Dhillon,b52bc04c66a4a457,+91-******7960
B1418,P1277,SJ027,2025-05-04 11:37:36.951,PENDING,19D,Leela Halder,01c32390eaf54896,+91-******4412
B1419,P1692,SJ062,2026-01-20 11:37:36.951,CONFIRMED,20E,Yashoda Deshpande,4b5851018e8e67a8,+91-******8119
B1420,P1698,SJ161,2026-02-24 11:37:36.951,CONFIRMED,27B,Ekaraj Majumdar,8372df661f86a965,+91-******8349
B1421,P1989,UK058,2025-10-03 11:37:36.951,UNKNOWN,23C,Oeshi Oak,443ce9a73da46a9c,+91-******7587
B1422,P1625,AI181,2026-01-04 11:37:36.951,CANCELLED,12D,Yashica Loke,a5f3594f96ff8999,+91-******9552
B1423,P1490,AI003,2025-06-12 11:37:36.951,CONFIRMED,14A,Aarnav Mandal,57dfd94bd4ef3519,+91-******4983
B1424,P1254,6F150,2025-11-05 11:37:36.951,CANCELLED,11D,Chanchal Suri,8e94a2d9289a3a84,+91-******4194
B1425,P1380,SJ175,2025-06-28 11:37:36.951,CANCELLED,34E,Manthan Sekhon,2c11e289f300ae6c,+91-******3711
B1426,P1891,6F041,2025-12-15 11:37:36.951,CANCELLED,17C,Veda Pai,d5fe3b72f50b2828,+91-******9164
B1427,P1541,SJ040,2026-04-15 11:37:36.951,CANCELLED,16E,Gaurangi Purohit,6c6500f7f00865d6,+91-******8098
B1428,P1263,6F020,2025-06-17 11:37:36.951,CONFIRMED,27C,Tamanna Nagy,ea17837d5f417ba6,+91-******9799
B1429,P1609,AI248,2025-05-08 11:37:36.951,CANCELLED,27B,Ranbir Khare,48c21d848f29f534,+91-******1643
B1430,P1824,SJ016,2026-02-08 11:37:36.951,CONFIRMED,11A,Leela Kaur,66838d17d0c3dee9,+91-******0947
B1431,P1878,UK204,2025-11-21 11:37:36.951,CONFIRMED,31C,Nirja Bassi,134432d491a3b0e7,+91-******2572
B1432,P1328,6F211,2025-09-02 11:37:36.951,CANCELLED,9B,Eesha Solanki,446bc6a2a65e4cd4,+91-******8848
B1433,P1114,SJ166,2025-05-07 11:37:36.951,CONFIRMED,5B,Lakshmi Raju,32791dabb82b4393,+91-******3703
B1434,P1275,AI036,2025-10-19 11:37:36.951,PENDING,30C,Max Tandon,f1760baab5471d13,+91-******8755
B1435,P1487,SJ215,2025-09-18 11:37:36.951,CONFIRMED,1E,Balhaar Date,3da80707ab31b315,+91-******2470
B1436,P1280,AI076,2026-01-05 11:37:36.951,CONFIRMED,20B,Yadavi Narula,83ff48264ebb0d88,+91-******9786
B1437,P1274,SJ012,2025-11-28 11:37:36.951,CANCELLED,24A,Harish Sarraf,7be5f7dae78ef72d,+91-******6956
B1438,P1772,AI073,2026-04-01 11:37:36.951,UNKNOWN,20D,Harish Vora,e73cec75cd6b2295,+91-******4578
B1439,P1842,SJ173,2025-11-09 11:37:36.951,CONFIRMED,27E,Tanmayi Aurora,eecf9504f8115c38,+91-******5093
B1440,P1718,AI193,2026-03-09 11:37:36.951,CANCELLED,25E,Maanas Rout,5c2bb459e1c2612e,+91-******2446
B1441,P1895,SJ131,2025-09-22 11:37:36.951,UNKNOWN,13A,Mohammed Borde,4955ce400754a64a,+91-******5768
B1442,P1327,AI225,2025-06-02 11:37:36.951,PENDING,11E,Upasna Lanka,a1e9964a530b7dac,+91-******2524
B1443,P1210,AI190,2025-10-09 11:37:36.951,CANCELLED,9E,Hamsini Rao,cde7a00501fe4df3,+91-******4504
B1444,P1726,SJ238,2025-12-25 11:37:36.951,CONFIRMED,7B,Faris Narasimhan,1db92bf52d6e167b,+91-******5352
B1445,P1922,6F005,2025-12-21 11:37:36.951,PENDING,5F,Lajita Nadig,0ff96f71cfb679ca,+91-******8689
B1446,P1551,UK136,2025-09-25 11:37:36.951,PENDING,23C,Vinaya Banik,4904b07e5d4278e0,+91-******0651
B1447,P1991,SJ063,2025-05-21 11:37:36.951,CONFIRMED,15F,Ekapad Keer,bdd31f573906bfdd,+91-******2839
B1448,P1025,6F175,2025-11-21 11:37:36.951,CANCELLED,9E,Bhavna Karan,4bed1472fe6db6fb,+91-******9801
B1449,P1026,AI037,2025-05-23 11:37:36.951,PENDING,19A,Gautam Saraf,d93f43de76fac5e7,+91-******2828
B1450,P1701,UK225,2025-11-11 11:37:36.951,CONFIRMED,21C,Guneet Chaudhry,f4e54aa26d9f0129,+91-******7953
B1451,P1082,AI141,2025-05-20 11:37:36.951,CONFIRMED,15E,Sachi Ganesan,f5fd0df8f5ed7582,+91-******8759
B1452,P1895,6F172,2026-01-26 11:37:36.951,PENDING,3E,Chandani Balakrishnan,2d2b83ccbfaed992,+91-******8446
B1453,P1945,6F219,2026-02-07 11:37:36.951,CANCELLED,16F,Chakradhar Nair,58323f485d32d67f,+91-******4326
B1454,P1681,AI045,2025-08-16 11:37:36.951,PENDING,8E,Daksh Memon,f11d996211899566,+91-******0104
B1455,P1412,AI198,2026-04-12 11:37:36.951,CONFIRMED,30A,Jagrati Prasad,7b91fa2031331205,+91-******2579
B1456,P1166,AI120,2025-04-24 11:37:36.951,PENDING,17F,Raagini Dhingra,442f1d7f13e55ad3,+91-******3796
B1457,P1699,6F134,2025-06-11 11:37:36.951,CANCELLED,32D,Yash Wali,d00be8032494b1a7,+91-******2082
B1458,P1168,UK102,2025-11-19 11:37:36.951,CONFIRMED,10B,Nisha Gole,89b800253fd07cd1,+91-******3841
B1459,P1800,SJ199,2025-06-10 11:37:36.951,CANCELLED,1F,Onkar Gill,3f4ee4adbe47c023,+91-******8817
B1460,P1978,6F235,2025-10-01 11:37:36.951,PENDING,32E,Farhan Raja,6ee5308b0c9ee5aa,+91-******9563
B1461,P1228,UK065,2025-10-14 11:37:36.951,PENDING,33F,Wridesh Tank,6cdffe387e98f96c,+91-******4497
B1462,P1978,6F135,2025-12-03 11:37:36.951,CANCELLED,26D,Luke Kata,bbafd94a1679df27,+91-******3941
B1463,P1608,SJ148,2026-02-10 11:37:36.951,PENDING,31C,Triya Kumar,5e7e664b303279ba,+91-******7988
B1464,P1366,AI083,2026-03-07 11:37:36.951,CANCELLED,6B,Tripti Kumer,eafb917bf2dbf514,+91-******5287
B1465,P1527,UK024,2025-07-02 11:37:36.951,PENDING,5C,Aditya Shroff,c8ed86bc4b1f5b2a,+91-******9035
B1466,P1790,UK220,2025-04-27 11:37:36.951,CANCELLED,28B,Bhavna Dugar,db1e1f7bed19757e,+91-******2257
B1467,P1646,UK115,2025-04-30 11:37:36.951,CANCELLED,25A,Ethan Sathe,16c31d4c77527f2c,+91-******4253
B1468,P1537,AI255,2025-07-16 11:37:36.951,CONFIRMED,14F,Hemani Mistry,cfce696e6992ad71,+91-******2325
B1469,P1863,6F001,2025-12-25 11:37:36.951,CONFIRMED,11A,Panini Krishna,78bda9a94bec5a87,+91-******6316
B1470,P1523,6F132,2025-05-27 11:37:36.951,CANCELLED,24E,Tanmayi Mittal,d4bf3c31b9fba13e,+91-******0375
B1471,P1071,UK184,2026-03-28 11:37:36.951,PENDING,8E,Rushil Rajagopalan,a6b2053c8f7fdca1,+91-******4844
B1472,P1644,6F098,2025-06-06 11:37:36.951,PENDING,3D,Vasudha Chhabra,398566e4efab1bc3,+91-******1373
B1473,P1105,SJ168,2025-07-19 11:37:36.951,PENDING,21F,Warjas Raj,2d1bca16bb430404,+91-******8854
B1474,P1731,SJ178,2025-07-28 11:37:36.951,CANCELLED,14C,Jagrati Merchant,0f290cea7657e120,+91-******6881
B1475,P1884,UK111,2026-03-07 11:37:36.951,CANCELLED,2C,Chakrika Bains,7e95721715325d78,+91-******5334
B1476,P1964,SJ051,2026-02-27 11:37:36.951,CANCELLED,32E,Meghana Maharaj,d2ea77c0e608c401,+91-******7876
B1477,P1688,SJ193,2025-07-06 11:37:36.951,CANCELLED,18E,Abhiram Bawa,2075384dcb84dfb8,+91-******4320
B1478,P1281,SJ039,2026-02-24 11:37:36.951,CONFIRMED,28D,Watika Mangat,524094225ff1be42,+91-******0683
B1479,P1132,UK066,2025-12-17 11:37:36.951,CANCELLED,22B,Victor Pandey,bd1d9854620422ec,+91-******6229
B1480,P1533,SJ050,2026-03-14 11:37:36.951,PENDING,34B,Theodore Gupta,272e67418c149210,+91-******6905
B1481,P1974,6F052,2025-06-11 11:37:36.951,CONFIRMED,4D,Zashil Devan,5ec0eb20c5e81aa1,+91-******8664
B1482,P1268,SJ170,2025-08-29 11:37:36.951,PENDING,14E,Gunbir Baral,a2904b4ae9aa36e1,+91-******6092
B1483,P1411,SJ119,2025-06-09 11:37:36.951,UNKNOWN,26B,Dayamai Sastry,56453b9d46fd3d02,+91-******9169
B1484,P1672,AI219,2025-05-07 11:37:36.951,CONFIRMED,13B,Bahadurjit Patla,7c4fe80f20f9b664,+91-******6412
B1485,P1618,6F220,2025-07-05 11:37:36.951,CANCELLED,12D,Karan Chana,69be083ce3cad74b,+91-******6833
B1486,P1790,AI207,2025-05-04 11:37:36.951,CONFIRMED,3D,Chakrika Narain,a924a4199183bcc1,+91-******7259
B1487,P1864,6F024,2026-01-26 11:37:36.951,PENDING,5E,Ojasvi Gill,c80f98a465beef55,+91-******2871
B1488,P1746,SJ073,2025-05-04 11:37:36.951,CANCELLED,27E,Sai Deo,3d53e7809ed61bf9,+91-******3418
B1489,P1017,SJ201,2025-07-08 11:37:36.951,CANCELLED,24F,Jasmit Wali,b5595e03ca062d47,+91-******4879
B1490,P1753,AI180,2026-03-10 11:37:36.951,CONFIRMED,29B,Yachana Mahajan,0c6e56d9c9929121,+91-******2386
B1491,P1116,UK022,2025-07-16 11:37:36.951,CONFIRMED,18F,Nitesh Kurian,b3a50d387bc3a935,+91-******4694
B1492,P1797,AI202,2026-03-27 11:37:36.951,CANCELLED,29C,Vasatika Merchant,7d4544f6735d1cf4,+91-******3773
B1493,P1793,6F212,2025-06-01 11:37:36.952,CONFIRMED,26D,Hamsini Contractor,c07324d0d0366f02,+91-******0915
B1494,P1143,6F163,2025-06-09 11:37:36.952,CANCELLED,23F,Upadhriti Borra,8582756bc78a7da7,+91-******9861
B1495,P1716,UK028,2025-10-15 11:37:36.952,CONFIRMED,27D,Lohit Kara,9d5f2fe9ab866f07,+91-******4823
B1496,P1550,6F243,2026-03-21 11:37:36.952,PENDING,7D,Mekhala Pau,a712ea3ae32e4e90,+91-******9307
B1497,P1928,AI165,2025-09-02 11:37:36.952,CONFIRMED,11F,Gautam Rana,46c9f2f81ebe9bac,+91-******3751
B1498,P1665,UK099,2025-07-18 11:37:36.952,PENDING,3D,Akshay Lalla,25f54e0170599084,+91-******4113
B1499,P1687,AI033,2025-06-17 11:37:36.952,UNKNOWN,17C,Jatin Sha,c2322292bcb2f2b2,+91-******6364
B1500,P1960,UK056,2025-04-30 11:37:36.952,CONFIRMED,22D,Jyoti Lala,cf05d383479f502b,+91-******5186
B1501,P1752,SJ122,2025-09-04 11:37:36.952,CANCELLED,23D,Lakshmi Prabhu,73051b55c7e97fdc,+91-******3227
B1502,P1421,AI086,2025-10-15 11:37:36.952,CONFIRMED,23F,Hritik Kaur,3c7f220cb5068b01,+91-******9285
B1503,P1897,SJ011,2025-10-17 11:37:36.952,CONFIRMED,25C,Urishilla Bakshi,20807ba9eae1985a,+91-******3000
B1504,P1368,SJ021,2025-04-21 11:37:36.952,PENDING,4E,Falak Kant,2f1b87f7cf7e4ea9,+91-******2210
B1505,P1645,SJ106,2025-11-29 11:37:36.952,CONFIRMED,8F,Dev Shetty,0328c1bc934ba3ca,+91-******8147
B1506,P1557,SJ026,2026-01-29 11:37:36.952,CANCELLED,9E,Chasmum Rege,e69d7f79bc574473,+91-******4300
B1507,P1049,SJ245,2025-11-27 11:37:36.952,PENDING,20A,Jackson Dey,7bff29254611796d,+91-******7266
B1508,P1677,AI023,2025-07-31 11:37:36.952,UNKNOWN,9C,Chakradev Barad,1687175f826bcf70,+91-******0857
B1509,P1105,AI032,2025-09-25 11:37:36.952,CANCELLED,14F,Daksha Tailor,1fc210e4387fbb3c,+91-******2022
B1510,P1215,AI236,2025-05-11 11:37:36.952,CANCELLED,19F,Jack Chatterjee,c18ad2c166bf6122,+91-******4326
B1511,P1657,6F094,2025-12-24 11:37:36.952,CANCELLED,15C,Wahab Yogi,b3fbf117ace79064,+91-******5952
B1512,P1922,UK163,2025-12-21 11:37:36.952,PENDING,4A,Krishna Rama,115fd913ebc291ab,+91-******9229
B1513,P1424,UK163,2025-06-30 11:37:36.952,CONFIRMED,32B,Sudiksha Prabhakar,a42a5130b1a1787b,+91-******9146
B1514,P1071,SJ045,2025-05-07 11:37:36.952,CANCELLED,21E,Oni Dubey,3da8d023b85cd0a1,+91-******6774
B1515,P1987,SJ006,2025-07-06 11:37:36.952,PENDING,26A,Oeshi Chaudhary,a6cae71ab6b18e46,+91-******1986
B1516,P1841,SJ103,2025-08-05 11:37:36.952,CANCELLED,34F,Vrishti Reddy,70bb52f06ec5a051,+91-******1214
B1517,P1784,6F221,2026-01-16 11:37:36.952,UNKNOWN,31B,Ati Bali,9cdbcb5ed296d8ef,+91-******2215
B1518,P1758,SJ147,2026-03-20 11:37:36.952,UNKNOWN,30A,Kamala Kalla,4952a34c84ab4ba9,+91-******4061
B1519,P1445,SJ064,2026-03-25 11:37:36.952,PENDING,3C,Sachi Saxena,d802ef9a25cd2c80,+91-******0765
B1520,P1924,AI028,2026-04-02 11:37:36.952,CONFIRMED,27A,Warinder Patil,e839dbf85d70e738,+91-******3299
B1521,P1185,AI148,2025-11-08 11:37:36.952,PENDING,31E,Hardik Pillai,0d35de9dfeaffcc6,+91-******9694
B1522,P1069,6F263,2025-08-31 11:37:36.952,CONFIRMED,1C,Jagrati Bhat,bbc5e31f4377c7b2,+91-******9631
B1523,P1973,SJ067,2025-05-19 11:37:36.952,PENDING,21F,Mitali Majumdar,9e8d151770b78eff,+91-******3458
B1524,P1149,6F061,2025-06-17 11:37:36.952,PENDING,23D,Ranveer Das,f78818522b64dbd4,+91-******4363
B1525,P1245,AI254,2025-05-29 11:37:36.952,UNKNOWN,11E,Suhani Chand,aafbcd1687442501,+91-******3227
B1526,P1773,SJ136,2025-11-15 11:37:36.952,CONFIRMED,17D,Simon Bail,fd110a595c7a06bc,+91-******2969
B1527,P1537,AI046,2025-07-09 11:37:36.952,PENDING,8A,Chandresh Nath,587d97ef85d284a2,+91-******3822
B1528,P1934,UK174,2026-03-28 11:37:36.952,PENDING,6E,Yagnesh Dass,3e5ad2c601bf82bb,+91-******4067
B1529,P1651,6F066,2025-04-30 11:37:36.952,UNKNOWN,34C,Samesh Biswas,dedbadc838bd62c7,+91-******8533
B1530,P1098,UK095,2025-12-08 11:37:36.952,UNKNOWN,23E,Sarthak Kalita,68368d14479806e0,+91-******4054
B1531,P1909,6F063,2026-04-01 11:37:36.952,PENDING,30F,Viraj Narasimhan,9d9255c610233be4,+91-******0108
B1532,P1277,UK118,2025-04-22 11:37:36.952,PENDING,30A,Manbir Agate,a640a6fc52f85b75,+91-******4314
B1533,P1562,UK218,2025-09-15 11:37:36.952,PENDING,28D,Aradhana Dhillon,72aef7faad6a1f5c,+91-******4584
B1534,P1662,UK031,2025-09-11 11:37:36.952,CONFIRMED,34E,Kalpit Zachariah,8e1b9a2ed02a4e5e,+91-******8286
B1535,P1943,UK142,2026-04-02 11:37:36.952,PENDING,6C,Zashil Ghosh,4cac606eba3e8c4e,+91-******5314
B1536,P1454,AI002,2025-06-01 11:37:36.952,UNKNOWN,4C,Imaran Bal,083c7620070f3214,+91-******6512
B1537,P1103,UK070,2025-10-08 11:37:36.952,CONFIRMED,21F,Karan Aurora,29a974b13af675fc,+91-******5625
B1538,P1945,SJ121,2026-03-17 11:37:36.952,PENDING,8E,Ishita Khanna,bc41d1e5250c2177,+91-******9144
B1539,P1600,UK201,2025-06-11 11:37:36.952,CONFIRMED,20B,Ekiya Babu,8ef9c1aa92d74916,+91-******9059
B1540,P1652,AI138,2026-01-15 11:37:36.952,CANCELLED,7E,Owen Lanka,456d01ba12323d40,+91-******6491
B1541,P1724,SJ014,2025-12-16 11:37:36.952,CONFIRMED,26A,Charles Date,195c819f87475def,+91-******9845
B1542,P1232,SJ053,2025-12-13 11:37:36.952,PENDING,14F,Oviya Vora,0f5c9f6389227c6e,+91-******0037
B1543,P1393,SJ241,2025-06-16 11:37:36.952,CANCELLED,4F,Ishaan Bhatt,938856af766d905b,+91-******0271
B1544,P1500,AI249,2025-09-01 11:37:36.952,CANCELLED,16A,Vamakshi Sen,d9e4dc1aff8cf947,+91-******6093
B1545,P1694,AI176,2026-03-08 11:37:36.952,PENDING,8A,Janaki Varghese,f0cdd2e9aa86a33b,+91-******5520
B1546,P1250,SJ234,2026-04-02 11:37:36.952,PENDING,32B,Ikbal Seth,9cac3e84da757941,+91-******0567
B1547,P1520,6F115,2025-04-18 11:37:36.952,PENDING,16C,Yahvi Kant,2101ba54061d9495,+91-******7207
B1548,P1078,AI020,2025-10-04 11:37:36.952,CONFIRMED,7E,Caleb Verma,d73dc68c4e326432,+91-******2739
B1549,P1051,AI020,2025-12-16 11:37:36.952,CONFIRMED,24A,Charvi Shanker,67f0d93bf65ce35c,+91-******9899
B1550,P1897,6F079,2025-12-06 11:37:36.952,CONFIRMED,10D,Azaan Bhat,0691432311c289a4,+91-******8049
B1551,P1920,6F104,2025-11-14 11:37:36.952,UNKNOWN,8E,Varenya Ratti,ed9c985712a982ea,+91-******1188
B1552,P1780,UK046,2026-02-06 11:37:36.952,PENDING,32D,Pooja Chokshi,68f96837be47df0e,+91-******5811
B1553,P1225,SJ217,2025-11-15 11:37:36.952,CONFIRMED,33D,Vritti Sawhney,327d7923ba84dc12,+91-******1142
B1554,P1050,6F142,2025-08-26 11:37:36.952,CANCELLED,8D,Ethan Buch,90587db3ca08d836,+91-******9652
B1555,P1185,SJ139,2026-04-04 11:37:36.952,CONFIRMED,3B,Ekanta Divan,d02b268ada5cea55,+91-******2397
B1556,P1033,6F059,2026-01-18 11:37:36.952,CANCELLED,31D,Dominic Date,a8be11d1dce2fea4,+91-******2837
B1557,P1802,6F067,2025-08-10 11:37:36.952,PENDING,17A,Anvi Nair,eb5f6e33d1cdc45c,+91-******6950
B1558,P1741,AI007,2025-08-07 11:37:36.952,PENDING,27A,Lakshmi Wali,db0b8fd08bcf3be4,+91-******6792
B1559,P1130,UK202,2026-01-20 11:37:36.952,CONFIRMED,5F,Chaitaly Setty,22bca92c99154a51,+91-******9332
B1560,P1631,AI200,2026-03-07 11:37:36.952,CONFIRMED,18C,Yashasvi Sani,a7354c849bc2dc63,+91-******1527
B1561,P1442,UK172,2026-01-27 11:37:36.952,PENDING,18C,Hardik Contractor,e4c409c2bf97fed9,+91-******8123
B1562,P1837,6F214,2025-05-01 11:37:36.952,CONFIRMED,10B,Tanveer Sani,d3cddf774a5c0147,+91-******0671
B1563,P1758,UK037,2025-09-11 11:37:36.952,PENDING,27B,Siya Kari,47f8762b8a9e4b6e,+91-******2002
B1564,P1431,AI022,2025-08-14 11:37:36.952,PENDING,17F,Odika Nori,19bd6375ab344615,+91-******3793
B1565,P1703,AI243,2026-02-06 11:37:36.952,CANCELLED,20D,Sudiksha Rastogi,05eab4037205fdba,+91-******3185
B1566,P1496,SJ174,2025-10-08 11:37:36.952,CONFIRMED,29F,Ojasvi Chandran,929b517da2f662f3,+91-******6762
B1567,P1402,SJ079,2025-11-13 11:37:36.952,PENDING,9A,Dhriti Sane,ce3f5b0279ed8a4d,+91-******1070
B1568,P1322,UK097,2025-12-21 11:37:36.952,CONFIRMED,21A,Dhriti Kumer,d2d204a15dc3e287,+91-******2658
B1569,P1209,AI013,2025-12-26 11:37:36.952,CANCELLED,14E,Kavya Dua,aeafdcc07301c67a,+91-******3310
B1570,P1614,UK196,2025-11-21 11:37:36.952,CANCELLED,25E,Urvi Bhavsar,46cd253d0ddfc280,+91-******2605
B1571,P1328,SJ213,2025-11-06 11:37:36.952,CONFIRMED,2C,Gavin Chada,2c13d59651525445,+91-******7878
B1572,P1371,UK119,2025-05-26 11:37:36.952,CONFIRMED,5D,Girik Sankaran,8685742643f91937,+91-******5075
B1573,P1459,AI043,2026-03-18 11:37:36.952,PENDING,19B,Gopal Pradhan,d508364ae4a65b26,+91-******3229
B1574,P1132,AI043,2025-04-29 11:37:36.952,CANCELLED,18A,Kalpit Bhasin,354fc8f9c9f50c04,+91-******9310
B1575,P1834,AI143,2025-06-16 11:37:36.952,CANCELLED,2B,Forum Das,589aa892161cb27c,+91-******6952
B1576,P1650,SJ032,2025-10-20 11:37:36.952,UNKNOWN,6F,Nirja Pandya,b63b8cf743f30555,+91-******0459
B1577,P1120,6F050,2026-01-24 11:37:36.952,CONFIRMED,23A,Pallavi Behl,68073d1801528851,+91-******7918
B1578,P1605,AI134,2025-12-25 11:37:36.952,PENDING,6B,Bhavna Muni,6b971d54c209110c,+91-******9506
B1579,P1451,6F182,2025-04-24 11:37:36.952,CONFIRMED,28E,Indira Chawla,0e5d2cb7117cad6a,+91-******9676
B1580,P1964,SJ086,2025-10-08 11:37:36.952,CONFIRMED,20D,Yashica Kala,467cb9edc7f56b1e,+91-******8537
B1581,P1128,6F170,2025-08-06 11:37:36.952,CONFIRMED,3D,Mohammed Subramaniam,8b38c8bc31f03a95,+91-******9860
B1582,P1090,UK168,2025-04-24 11:37:36.952,PENDING,34B,Udarsh Chokshi,c828971554c2ca56,+91-******9275
B1583,P1603,SJ072,2026-02-22 11:37:36.952,UNKNOWN,33D,Inaya Pillai,60c30884aafb8207,+91-******0940
B1584,P1574,UK075,2025-04-28 11:37:36.952,CANCELLED,21C,Ishwar Mallick,8808199079ca16ac,+91-******7633
B1585,P1028,6F233,2026-01-08 11:37:36.952,CANCELLED,1C,Upkaar Sanghvi,a594297ee416bbef,+91-******9970
B1586,P1721,SJ143,2025-11-13 11:37:36.952,CANCELLED,25B,Atharv Loke,a691462429b9550d,+91-******4180
B1587,P1523,SJ246,2025-06-28 11:37:36.952,PENDING,34E,Ayush Gole,5259c492c7710ba1,+91-******4298
B1588,P1332,SJ247,2025-11-04 11:37:36.952,CONFIRMED,10B,Anjali More,2a4803305cd02857,+91-******1813
B1589,P1296,UK157,2025-08-31 11:37:36.952,PENDING,3D,Harinakshi Panchal,9a68f2fde5c29264,+91-******8641
B1590,P1129,UK069,2026-04-01 11:37:36.952,CONFIRMED,25B,Abeer Golla,8665d4d18dca34d8,+91-******8124
B1591,P1292,AI106,2025-11-20 11:37:36.952,CANCELLED,8A,Luke Rattan,c4a96038b4f9e907,+91-******3665
B1592,P1172,UK085,2025-11-17 11:37:36.952,CONFIRMED,24F,Ekaraj Dhar,bfb12fa9d66b7690,+91-******0691
B1593,P1719,6F087,2025-09-24 11:37:36.952,UNKNOWN,1A,Azaan Chand,b6d47f8c80fa1004,+91-******6311
B1594,P1943,AI067,2025-06-01 11:37:36.952,CONFIRMED,25E,Tanveer Puri,aaea2ce38aa9005f,+91-******0775
B1595,P1023,6F226,2026-01-07 11:37:36.952,PENDING,4E,Oni Setty,171725b3e2f4f8a7,+91-******5375
B1596,P1098,SJ210,2025-12-20 11:37:36.952,CONFIRMED,15E,Harita Dugar,34988969eee46e40,+91-******7815
B1597,P1405,6F269,2025-10-23 11:37:36.952,CONFIRMED,33A,Kala Muni,4a123b9d3137e495,+91-******6201
B1598,P1355,UK013,2026-01-02 11:37:36.952,CONFIRMED,11B,Ekta Chad,77969c3eddb831d9,+91-******4577
B1599,P1138,UK013,2025-09-30 11:37:36.952,PENDING,9E,Charles Dugal,1229af52a1691e21,+91-******6733
B1600,P1502,UK143,2025-07-20 11:37:36.952,PENDING,2C,Nakul Bawa,8b020d637180a265,+91-******9966
B1601,P1825,6F262,2025-09-07 11:37:36.952,PENDING,28D,Finn Magar,401daf4031e0aac3,+91-******8100
B1602,P1173,6F042,2025-07-07 11:37:36.952,UNKNOWN,2A,Saanvi Samra,495450b9989e598c,+91-******9344
B1603,P1028,SJ118,2025-12-06 11:37:36.952,CANCELLED,17E,Vedika Sathe,9be67efa903416f2,+91-******8468
B1604,P1930,SJ118,2025-11-17 11:37:36.952,CANCELLED,3C,Oeshi Mahajan,def234c0b75c5d1e,+91-******9471
B1605,P1495,SJ082,2025-10-03 11:37:36.952,CANCELLED,6C,Tanveer Vala,1bb2de95b853a6df,+91-******8238
B1606,P1654,6F015,2025-07-18 11:37:36.952,CONFIRMED,23E,Ishaan Pai,35ffd069ac415985,+91-******0192
B1607,P1827,AI101,2026-02-02 11:37:36.952,UNKNOWN,30F,Qushi Choudhry,31903349f1c2eba8,+91-******3146
B1608,P1350,SJ110,2025-06-28 11:37:36.952,CANCELLED,10B,Bhanumati Sur,19cc3241f12ff2d8,+91-******6165
B1609,P1553,SJ042,2025-10-21 11:37:36.952,CANCELLED,19D,Darika Bath,5af0cd586be384f4,+91-******5414
B1610,P1298,6F145,2025-10-13 11:37:36.952,CONFIRMED,27A,Thomas Rana,0d14865cc37b5496,+91-******3593
B1611,P1719,UK029,2026-01-05 11:37:36.952,CANCELLED,14C,Christopher Amble,bc83cd7d4f7b2e69,+91-******4892
B1612,P1841,SJ200,2025-04-18 11:37:36.952,CANCELLED,28C,Samarth Mitra,362f1c4c29ca8172,+91-******3103
B1613,P1944,SJ209,2026-01-29 11:37:36.952,CONFIRMED,6A,Siddharth Devan,36f3e7a69bc2d137,+91-******0449
B1614,P1191,AI116,2025-05-11 11:37:36.952,UNKNOWN,30B,Aadhya Mann,0ce6ea43c344e227,+91-******0528
B1615,P1671,6F117,2025-05-23 11:37:36.952,CANCELLED,33B,Falak Dar,1e8011c366fcb767,+91-******8111
B1616,P1063,SJ181,2025-12-23 11:37:36.952,PENDING,17A,Abhimanyu Tank,98281bd664be8df0,+91-******1327
B1617,P1754,AI070,2025-05-10 11:37:36.952,UNKNOWN,18A,Qushi Gill,21f4515e5e25841d,+91-******8704
B1618,P1769,AI070,2026-01-19 11:37:36.952,CONFIRMED,1B,Kai Rai,a74fb0fb0ef75457,+91-******9430
B1619,P1663,UK042,2026-02-05 11:37:36.952,PENDING,13A,Victor Tella,35f6b0b3061afb9e,+91-******2740
B1620,P1214,AI169,2026-02-24 11:37:36.952,PENDING,1B,Irya Bora,d565b8fae932abe0,+91-******9727
B1621,P1833,6F021,2025-12-21 11:37:36.952,PENDING,27A,Mekhala Basak,5e348003290cc558,+91-******3445
B1622,P1165,SJ046,2025-06-23 11:37:36.952,PENDING,19F,Rajata Bahl,0b6e015de6f98147,+91-******2713
B1623,P1542,AI211,2025-08-17 11:37:36.952,CANCELLED,22B,Tripti Brahmbhatt,b36653540e86085d,+91-******0353
B1624,P1882,SJ091,2025-12-20 11:37:36.952,CANCELLED,34F,Dhriti Sanghvi,4aa292eccc639cea,+91-******5944
B1625,P1231,AI123,2026-04-05 11:37:36.952,PENDING,7D,Nidhi Sahni,165b745f5ed02eeb,+91-******8999
B1626,P1793,6F053,2025-04-17 11:37:36.952,CANCELLED,25C,Bimala Contractor,bfb888771f3080fd,+91-******3732
B1627,P1540,UK012,2026-01-09 11:37:36.952,PENDING,27E,Nidhi Bail,77d9cefc7cced9b0,+91-******8394
B1628,P1194,6F023,2025-11-25 11:37:36.952,PENDING,33A,Ekta Garg,e660354dbd4dbdb9,+91-******1638
B1629,P1505,AI250,2026-01-02 11:37:36.952,CONFIRMED,11A,Triveni Pathak,4142e92c8dd6278b,+91-******5072
B1630,P1333,AI238,2026-04-07 11:37:36.952,PENDING,26F,Gaurang Sarkar,fc03e909e8a5710c,+91-******2269
B1631,P1767,UK096,2026-02-17 11:37:36.952,CANCELLED,24F,Hitesh Kohli,4adfeb15fe587f60,+91-******8353
B1632,P1792,UK126,2026-03-30 11:37:36.952,PENDING,1D,Rajata Rattan,5a2fd0bac26c9c55,+91-******0781
B1633,P1303,SJ195,2025-08-30 11:37:36.952,CONFIRMED,8E,Farhan Randhawa,b2d7cffcbe296ffe,+91-******1769
B1634,P1832,SJ171,2025-12-25 11:37:36.952,CANCELLED,1C,Dayita Nori,2a5178901251bcd2,+91-******5198
B1635,P1436,AI136,2025-08-14 11:37:36.952,UNKNOWN,7C,Timothy Nath,b309beb7f6765ec7,+91-******1859
B1636,P1322,SJ192,2025-05-27 11:37:36.952,CONFIRMED,22B,Om Bose,4c07947ec29f9f8e,+91-******4980
B1637,P1501,6F035,2025-12-01 11:37:36.952,PENDING,27C,Yashvi Comar,9ef28d67266b2b85,+91-******0528
B1638,P1857,UK088,2026-02-23 11:37:36.952,CONFIRMED,22C,Yashvi Hari,3b1ba257ab17e509,+91-******4781
B1639,P1913,6F009,2025-09-14 11:37:36.952,CONFIRMED,24E,Ikshita Panchal,99a304cb3a4f0714,+91-******3873
B1640,P1392,6F004,2026-01-28 11:37:36.952,CANCELLED,30B,Manbir Keer,0dfa3d2dc8c79552,+91-******4451
B1641,P1805,UK122,2026-03-27 11:37:36.952,UNKNOWN,28D,Harshil Dhingra,a5a177db9d351cbf,+91-******9571
B1642,P1598,AI251,2026-02-15 11:37:36.952,PENDING,4E,Aahana Hora,8e5bb2f1f092aa32,+91-******6644
B1643,P1148,AI027,2026-02-04 11:37:36.952,PENDING,14A,Oscar Dua,21f4ba7013f69a40,+91-******3774
B1644,P1760,SJ165,2025-10-20 11:37:36.952,PENDING,20E,Faqid Goel,7f89177d2919ec57,+91-******5792
B1645,P1832,UK081,2025-08-16 11:37:36.952,CONFIRMED,17D,Wakeeta Shetty,0bd50d55d21c6945,+91-******7529
B1646,P1404,UK191,2025-09-27 11:37:36.952,CANCELLED,28C,Saumya Naidu,dcb3450557115d32,+91-******4076
B1647,P1282,SJ188,2025-11-06 11:37:36.952,PENDING,14F,Diya Dora,2a3d133a580f0244,+91-******0840
B1648,P1361,6F016,2025-08-09 11:37:36.952,CONFIRMED,33D,Ria Bir,4ccbef63e0bdf997,+91-******8368
B1649,P1378,6F064,2026-04-05 11:37:36.952,PENDING,4F,Upasna Sathe,ec7e3cc1e6cc4731,+91-******3414
B1650,P1197,SJ105,2026-04-03 11:37:36.952,UNKNOWN,10D,Chavvi Maharaj,d3fb11aa8268cf78,+91-******1933
B1651,P1555,SJ054,2025-09-09 11:37:36.952,CANCELLED,21B,Daksh Pandey,a7c92440f6755378,+91-******8199
B1652,P1355,6F197,2025-12-19 11:37:36.952,PENDING,23C,Yashica Borah,cdd97d2f70f6382d,+91-******0269
B1653,P1539,AI040,2026-03-26 11:37:36.952,CANCELLED,31B,Dayita Shenoy,9eeee144b1866f99,+91-******4504
B1654,P1428,AI131,2025-08-14 11:37:36.952,UNKNOWN,31A,Siya Barad,3dbbdc54cf78fa74,+91-******6787
B1655,P1016,6F141,2025-10-09 11:37:36.952,PENDING,7D,Dakshesh Pillay,ec748ee3966e242d,+91-******4650
B1656,P1638,UK035,2025-05-12 11:37:36.952,CONFIRMED,26E,Bhavini Bose,41b998aba0b892c7,+91-******9841
B1657,P1378,AI005,2025-08-28 11:37:36.952,CONFIRMED,12B,Gautam Tripathi,180ed27dc9100f4b,+91-******9851
B1658,P1679,AI001,2025-06-22 11:37:36.952,CONFIRMED,18D,Leena Shere,c2c3095f7f47e91a,+91-******5091
B1659,P1505,UK211,2026-01-17 11:37:36.952,PENDING,6D,Benjamin Sengupta,57d6033ba5fe53db,+91-******1131
B1660,P1755,SJ189,2026-04-04 11:37:36.952,CANCELLED,12D,Raghav Nagy,93771791c943605c,+91-******4370
B1661,P1898,UK006,2025-04-21 11:37:36.952,PENDING,18D,Vamakshi Thaker,4f34bb1dd5c1aac2,+91-******6864
B1662,P1075,6F189,2025-10-13 11:37:36.952,CONFIRMED,17A,Matthew Bhatia,6eab22ee23404402,+91-******8498
B1663,P1230,AI133,2025-05-16 11:37:36.952,CANCELLED,15B,Shravya Chauhan,180d2539362f06e6,+91-******6291
B1664,P1715,SJ216,2025-11-08 11:37:36.952,CONFIRMED,25B,Hemal Chad,48bc740d5cd7931c,+91-******3111
B1665,P1961,SJ133,2026-03-04 11:37:36.952,CANCELLED,29D,Yamini Gera,23b39a585f3e43b6,+91-******0703
B1666,P1247,UK082,2026-03-05 11:37:36.952,PENDING,32C,Balveer Kota,98c0dcb3e2837662,+91-******0106
B1667,P1301,6F136,2026-02-16 11:37:36.952,CANCELLED,32C,Raksha Sarna,20e8c56e6c76ef8e,+91-******0625
B1668,P1725,6F039,2025-04-30 11:37:36.952,PENDING,3B,Nathan Patla,08542579bc6c9a81,+91-******9908
B1669,P1214,AI011,2025-06-16 11:37:36.952,CONFIRMED,3E,Kashish Mandal,76c9be4589d3d2ea,+91-******6069
B1670,P1157,SJ225,2025-05-12 11:37:36.952,CANCELLED,16C,Lila Rege,cb964c0495c097ea,+91-******1026
B1671,P1068,SJ024,2025-07-08 11:37:36.952,CONFIRMED,22C,Hamsini Ben,e2af476ea74868e9,+91-******8950
B1672,P1392,AI109,2025-08-01 11:37:36.952,CANCELLED,14E,Gaurika Bhatti,650128205a4c5628,+91-******1994
B1673,P1084,AI147,2025-06-12 11:37:36.952,UNKNOWN,28B,Forum Chandra,823745f06bee4864,+91-******2711
B1674,P1266,UK057,2025-11-03 11:37:36.952,CANCELLED,18C,Libni Mander,dd3467605c235ed4,+91-******5782
B1675,P1068,6F111,2025-08-01 11:37:36.952,CANCELLED,9A,Zayyan Doctor,a7cec80fbdbc1c3b,+91-******1692
B1676,P1610,AI197,2026-04-14 11:37:36.952,PENDING,24C,Gauri Bumb,9111e950c2dccf9a,+91-******1522
B1677,P1346,UK127,2026-01-31 11:37:36.952,PENDING,29C,Lohit Palla,84a57e583b3fc3fc,+91-******6384
B1678,P1961,6F240,2025-12-31 11:37:36.952,PENDING,24B,Dayita Ramanathan,51d9180b215f9775,+91-******5813
B1679,P1727,6F257,2025-08-17 11:37:36.952,CANCELLED,25A,Kai Chad,9edfd73850d65cef,+91-******8728
B1680,P1926,AI253,2026-03-19 11:37:36.952,UNKNOWN,11F,Dayita Puri,336e0a1cc660d92e,+91-******3589
B1681,P1672,SJ135,2026-04-02 11:37:36.952,CANCELLED,15C,Falguni Datta,df283b8533f84cea,+91-******5577
B1682,P1422,UK112,2025-07-10 11:37:36.952,CANCELLED,20B,Girik Sampath,232d1c0d9502797c,+91-******0562
B1683,P1605,AI050,2025-08-07 11:37:36.952,CONFIRMED,9C,Yashoda Pathak,9f61d041b6153800,+91-******4031
B1684,P1173,UK060,2025-11-18 11:37:36.952,PENDING,8E,Andrew Patil,7f3a90ad9d4d71b2,+91-******4337
B1685,P1676,SJ183,2025-05-15 11:37:36.952,CANCELLED,25E,Dayamai Gole,2df5d0e071d27935,+91-******9394
B1686,P1114,UK138,2025-11-17 11:37:36.952,CONFIRMED,23E,Tanish Om,e2ccff8e291a3bcf,+91-******5076
B1687,P1219,SJ071,2025-10-12 11:37:36.952,PENDING,22F,Vedika Handa,e7deaaae6ca16ac1,+91-******8889
B1688,P1955,AI057,2025-06-14 11:37:36.952,PENDING,9D,Upkaar Devan,a01873f30682f0db,+91-******6032
B1689,P1030,SJ151,2025-07-10 11:37:36.952,CANCELLED,20B,Mohammed Brahmbhatt,30a69f52e614decf,+91-******9943
B1690,P1522,SJ144,2025-06-28 11:37:36.952,PENDING,12C,Chakrika Chaudhuri,84cbd470a56bad5a,+91-******5739
B1691,P1342,SJ087,2026-01-23 11:37:36.952,PENDING,12E,Yashica Zacharia,5ab2047d375d8b9b,+91-******8246
B1692,P1376,SJ066,2026-04-02 11:37:36.952,CONFIRMED,18A,Baljiwan Nayar,fde81946c722e216,+91-******4649
B1693,P1129,AI247,2026-01-02 11:37:36.952,CONFIRMED,11F,Karan Puri,fd88a5243fc93e55,+91-******9241
B1694,P1999,SJ102,2026-04-01 11:37:36.952,PENDING,24D,Mitesh Gaba,d178652109481267,+91-******2013
B1695,P1616,6F252,2026-04-13 11:37:36.952,CONFIRMED,4F,Pratyush Gandhi,4438155ebe696c02,+91-******6531
B1696,P1538,6F055,2025-11-28 11:37:36.952,PENDING,11C,Raksha Bassi,276ecaadcc0e56c0,+91-******1789
B1697,P1738,AI204,2025-11-12 11:37:36.952,CANCELLED,34B,Nirja Patla,50c21caf5356a78d,+91-******1258
B1698,P1001,AI016,2026-02-02 11:37:36.952,CONFIRMED,31D,Wazir Sawhney,f0d567941af209ed,+91-******9640
B1699,P1870,AI209,2025-12-11 11:37:36.952,PENDING,15D,Bhavani Sen,cecc55d3ec697230,+91-******5089
B1700,P1100,SJ211,2026-01-04 11:37:36.952,PENDING,14B,Vivaan Walla,65e1cbc46369844c,+91-******1891
B1701,P1532,6F103,2025-10-16 11:37:36.952,CONFIRMED,13F,William More,778a78c05c94abc6,+91-******1575
B1702,P1057,UK182,2025-04-22 11:37:36.952,CONFIRMED,31F,Upasna Hari,448e80cb3fd8af98,+91-******2340
B1703,P1388,6F264,2025-12-25 11:37:36.952,CANCELLED,19B,Jhalak Sastry,238f552984c69ef5,+91-******8483
B1704,P1691,6F027,2025-07-23 11:37:36.952,PENDING,29A,Triya Manda,28a8f1ea96a0662d,+91-******3747
B1705,P1940,UK198,2026-01-31 11:37:36.952,CANCELLED,3B,Lavanya Thakkar,ec5ba277b2139e72,+91-******4029
B1706,P1340,6F171,2025-09-07 11:37:36.952,CANCELLED,15C,Omya Edwin,6b2d1b2113c24992,+91-******1687
B1707,P1860,AI004,2025-07-05 11:37:36.952,CANCELLED,1B,Ryan Devi,ca48569f7510d507,+91-******9365
B1708,P1019,6F157,2025-11-22 11:37:36.952,CONFIRMED,3C,Zashil Ben,28265e9fff3a7479,+91-******0743
B1709,P1254,AI018,2025-10-03 11:37:36.952,CANCELLED,22B,Vasana Prabhu,63b55a036f684a91,+91-******0661
B1710,P1316,UK098,2025-08-05 11:37:36.952,CONFIRMED,21E,Harshil Varty,a2b9033cfed071e5,+91-******0381
B1711,P1037,6F167,2026-01-29 11:37:36.952,UNKNOWN,4C,Jeet Mane,fa143555327c86b0,+91-******4431
B1712,P1659,AI228,2025-09-06 11:37:36.952,CANCELLED,17C,Fiyaz Dyal,efc47f6e0d487543,+91-******9130
B1713,P1536,SJ242,2025-08-31 11:37:36.952,CANCELLED,17D,Anjali Sengupta,a493d09b9d53e4b1,+91-******1328
B1714,P1385,6F227,2025-12-11 11:37:36.952,PENDING,34C,Yochana Din,7c0e390fcbe61c5e,+91-******1002
B1715,P1632,6F037,2025-08-27 11:37:36.952,CANCELLED,20C,Rajeshri Chand,9547aa7e70298b9e,+91-******9547
B1716,P1927,6F107,2025-12-22 11:37:36.952,PENDING,28A,Tristan Seshadri,a0aee1417b3c36e8,+91-******6925
B1717,P1025,SJ125,2025-11-06 11:37:36.952,CANCELLED,14A,Ikshita Bala,40db31827ba69c66,+91-******7746
B1718,P1453,UK117,2025-06-17 11:37:36.952,CANCELLED,9B,Oeshi Bera,436237ae11aadadc,+91-******7696
B1719,P1680,6F192,2025-11-12 11:37:36.952,CANCELLED,29E,Meghana Thakkar,0403274a854c9049,+91-******5025
B1720,P1322,AI201,2025-11-27 11:37:36.952,CANCELLED,27B,Kashvi Keer,deee309e609cfd2a,+91-******2378
B1721,P1736,SJ126,2026-03-25 11:37:36.952,PENDING,21A,Libni Bumb,621d3cf046eda865,+91-******8415
B1722,P1512,AI177,2026-02-10 11:37:36.952,PENDING,5E,Kavya Kapur,ab399f26f93999ce,+91-******4457
B1723,P1818,AI092,2025-12-23 11:37:36.952,CANCELLED,26B,Ayaan Nagar,568ba77d20124faa,+91-******1969
B1724,P1772,6F076,2025-10-10 11:37:36.952,CANCELLED,11D,Hardik Nayak,14abd42aea37be59,+91-******4296
B1725,P1012,AI185,2025-04-29 11:37:36.952,PENDING,1E,Madhav Devan,1dc394ec4e5ce312,+91-******0747
B1726,P1914,AI055,2025-05-14 11:37:36.952,CONFIRMED,2B,Balvan Mangat,9dccff1425fde875,+91-******0806
B1727,P1907,6F222,2026-03-15 11:37:36.952,CONFIRMED,27D,Urmi Dewan,c17ef9d640b3a612,+91-******1375
B1728,P1559,AI090,2025-12-12 11:37:36.952,CONFIRMED,1C,Upasna Sen,2c63961575d5f190,+91-******8503
B1729,P1920,AI183,2025-06-03 11:37:36.952,PENDING,4F,Abdul Buch,2a62e425ef788d0b,+91-******5835
B1730,P1824,AI041,2025-04-29 11:37:36.952,PENDING,25F,Anirudh Kunda,62d74181a0f3b1f0,+91-******3732
B1731,P1370,6F210,2025-07-12 11:37:36.952,CONFIRMED,25F,Tanveer Doctor,7d85991b6e016637,+91-******6891
B1732,P1290,AI170,2026-01-15 11:37:36.952,CONFIRMED,3A,Pallavi Choudhry,229aba8e47b68a29,+91-******0707
B1733,P1331,SJ008,2026-04-16 11:37:36.952,CANCELLED,2E,Bhavya Khanna,d60682ef8a3ae1d6,+91-******8779
B1734,P1605,AI049,2025-09-29 11:37:36.952,PENDING,27E,Charvi Dara,a4ca03fb72681515,+91-******8705
B1735,P1260,SJ132,2025-05-12 11:37:36.952,PENDING,34E,Champak Khare,1804564eca7ae2df,+91-******7116
B1736,P1993,SJ224,2026-01-26 11:37:36.952,CONFIRMED,28E,Oni Shankar,286eb81467f00fa1,+91-******9849
B1737,P1789,UK038,2025-06-11 11:37:36.952,CONFIRMED,1E,Dev Choudhry,a766ce0971389014,+91-******5244
B1738,P1870,SJ220,2025-08-14 11:37:36.952,PENDING,27B,Xalak Wason,5062102443c70495,+91-******3803
B1739,P1204,6F124,2025-06-29 11:37:36.952,CANCELLED,34F,Amol Varma,e337b0b7de821418,+91-******2522
B1740,P1696,SJ164,2025-11-16 11:37:36.952,CONFIRMED,14D,Wyatt Dhawan,418e7a8e8be89dd3,+91-******7652
B1741,P1686,AI026,2025-05-18 11:37:36.952,PENDING,18E,Bishakha Sanghvi,b9c7dd7912666b94,+91-******9579
B1742,P1949,6F144,2025-09-14 11:37:36.952,PENDING,16D,Aarav Pandit,066f10077caa38de,+91-******2145
B1743,P1386,6F137,2025-11-21 11:37:36.952,UNKNOWN,6F,Wridesh Saha,0dec466abbbcfc21,+91-******2137
B1744,P1891,UK139,2025-09-05 11:37:36.952,CANCELLED,10A,Rachit Chada,fd801dce6b0b07a9,+91-******1410
B1745,P1820,UK139,2025-05-20 11:37:36.952,CONFIRMED,27B,Jalsa Bir,687048c14a9a8d98,+91-******1103
B1746,P1467,SJ140,2025-08-31 11:37:36.952,CONFIRMED,34D,Yashica Tripathi,3127f284842cf5cb,+91-******8793
B1747,P1414,6F131,2025-04-20 11:37:36.952,CONFIRMED,9F,Anmol Ramakrishnan,1a781a89e36abd64,+91-******2405
B1748,P1068,UK128,2025-11-15 11:37:36.952,PENDING,9A,Upma Bassi,64d55121052705ee,+91-******9749
B1749,P1471,SJ219,2026-02-19 11:37:36.952,CONFIRMED,23D,Lila Prakash,0cfb80a3c0ef9ae4,+91-******6991
B1750,P1103,SJ159,2025-09-21 11:37:36.952,PENDING,33D,Zehaan Babu,083c7ad8ee107d98,+91-******2935
B1751,P1757,UK192,2025-09-19 11:37:36.952,CONFIRMED,17E,Ishanvi Bir,ea38a080e71076fb,+91-******8441
B1752,P1160,AI014,2025-08-13 11:37:36.952,CANCELLED,34F,Hemani Khosla,cb0d89eb3ea58cb9,+91-******6711
B1753,P1199,SJ152,2025-08-08 11:37:36.952,CANCELLED,5C,Hemang Natarajan,57c7287ec752f50e,+91-******3127
B1754,P1215,SJ060,2026-02-11 11:37:36.952,PENDING,3C,Kiaan Basu,c457b729a60b5bd0,+91-******2758
B1755,P1945,AI127,2026-02-17 11:37:36.952,CANCELLED,10F,Indira Nigam,d9281b4addffec4d,+91-******8329
B1756,P1211,SJ096,2026-01-27 11:37:36.952,PENDING,11F,Parth Shetty,7270e53e6e1099f3,+91-******1838
B1757,P1507,AI215,2025-04-24 11:37:36.952,PENDING,22B,Varenya Gopal,951783aef93037db,+91-******7329
B1758,P1015,UK009,2026-02-28 11:37:36.952,CANCELLED,26B,Krishna Bhatnagar,da3cc671cfd39e8a,+91-******6016
B1759,P1497,AI171,2025-10-26 11:37:36.952,PENDING,16F,Tanvi Bansal,a610bf56c1a436f6,+91-******8264
B1760,P1883,UK151,2026-01-14 11:37:36.952,CANCELLED,31B,Chaaya Jaggi,f95268e21cabf490,+91-******3665
B1761,P1331,AI099,2025-05-22 11:37:36.952,CONFIRMED,15A,Caleb Iyengar,bb977b2f4251ccba,+91-******7364
B1762,P1716,UK050,2025-06-04 11:37:36.952,CONFIRMED,32B,Benjamin Mutti,0dddf52e82351b07,+91-******7986
B1763,P1876,UK092,2025-10-06 11:37:36.952,CANCELLED,3B,Dayita Varma,1057e76832fa8edb,+91-******6964
B1764,P1550,SJ058,2025-06-20 11:37:36.952,CANCELLED,13B,Mitali Solanki,7b1dc121358b8506,+91-******7667
B1765,P1600,SJ090,2025-12-21 11:37:36.952,CANCELLED,1C,Zehaan Bansal,bc699cdb65e77f34,+91-******3223
B1766,P1941,6F173,2025-09-07 11:37:36.952,CANCELLED,1F,Rayaan Mangal,b94872c224622b0c,+91-******3967
B1767,P1255,AI186,2025-11-19 11:37:36.952,CONFIRMED,6D,Ishanvi Batta,93d1331aff7bfd2d,+91-******8557
B1768,P1991,AI130,2026-03-23 11:37:36.952,PENDING,13C,Garima Mahajan,bd0ae61fb994748f,+91-******3715
B1769,P1765,SJ111,2025-11-23 11:37:36.952,UNKNOWN,6F,Jeet Pillai,2aa72f01f02e416a,+91-******9187
B1770,P1727,6F203,2025-08-04 11:37:36.952,CONFIRMED,8D,Rajeshri Ratta,214d210c97b4b26a,+91-******4847
B1771,P1879,6F138,2025-05-24 11:37:36.952,PENDING,1F,Ria Raju,e32408bdbc25cb92,+91-******1929
B1772,P1814,6F109,2025-08-29 11:37:36.952,UNKNOWN,10B,Harinakshi Grover,5855b49d3fa8689f,+91-******0379
B1773,P1171,AI074,2026-01-01 11:37:36.952,PENDING,16E,Watika Tank,f95c87cfa5819590,+91-******2633
B1774,P1648,UK161,2026-01-07 11:37:36.952,CANCELLED,1B,Jhalak Venkataraman,b69a687b1873cd90,+91-******8399
B1775,P1999,AI008,2025-06-19 11:37:36.952,CANCELLED,14B,Amara Butala,60b57faf4fc883ab,+91-******5751
B1776,P1497,UK121,2025-12-27 11:37:36.952,CANCELLED,17A,Panini Brar,69033b999023067e,+91-******4805
B1777,P1470,6F154,2025-04-26 11:37:36.952,CONFIRMED,11A,Qushi Gole,0bb25a612cf987a7,+91-******2332
B1778,P1383,6F161,2025-08-01 11:37:36.952,CONFIRMED,10D,Chaaya Nagi,a933d60d9bdbe9c0,+91-******3333
B1779,P1689,6F153,2026-02-01 11:37:36.952,PENDING,22B,Harshil Buch,b5efe065917d66b8,+91-******8308
B1780,P1588,6F225,2026-02-10 11:37:36.952,PENDING,11B,Falak Merchant,1e0494cc0f478fec,+91-******0421
B1781,P1699,AI191,2026-02-09 11:37:36.952,PENDING,18C,Damini Sehgal,36e8c8067645e94b,+91-******6256
B1782,P1506,AI218,2025-08-18 11:37:36.952,CONFIRMED,25F,Pooja Ganesan,7b5566e1bf897dad,+91-******4515
B1783,P1991,6F267,2025-09-28 11:37:36.952,PENDING,25D,Sachi Panchal,8b07c6c20b2383a7,+91-******0935
B1784,P1526,UK125,2025-08-20 11:37:36.952,CANCELLED,1B,Sanya Basak,3886a1faa09b6851,+91-******5181
B1785,P1803,6F208,2025-08-19 11:37:36.952,PENDING,1B,Ira Saran,c78fd77799b368fe,+91-******6443
B1786,P1830,6F119,2026-02-12 11:37:36.952,CANCELLED,26B,Anvi Bhandari,1fc08c52c32651a5,+91-******4345
B1787,P1324,AI063,2025-07-11 11:37:36.952,CONFIRMED,1E,Falan Ravi,3ea97cb742b62d1a,+91-******6387
B1788,P1213,UK016,2025-06-05 11:37:36.952,CANCELLED,2B,Januja Varghese,5393a4a8aec23638,+91-******9612
B1789,P1207,6F048,2026-01-13 11:37:36.952,CANCELLED,30F,Nathaniel Balasubramanian,29118d6e68646300,+91-******9133
B1790,P1168,6F266,2025-04-23 11:37:36.952,CANCELLED,28A,Luke Sarma,09696b649598115d,+91-******5551
B1791,P1329,AI167,2026-02-24 11:37:36.952,CONFIRMED,3C,Bakhshi Date,377ee23c58948a5d,+91-******4040
B1792,P1279,6F165,2026-01-17 11:37:36.952,CONFIRMED,8E,Ekalinga Keer,2921dbc35c449f8f,+91-******4900
B1793,P1977,SJ104,2025-11-25 11:37:36.952,CONFIRMED,14C,Jeevika Pathak,a7dfd0570e55a093,+91-******6899
B1794,P1304,UK160,2025-06-26 11:37:36.952,CONFIRMED,8D,Leela Bali,c779190e99477ab3,+91-******2055
B1795,P1145,UK160,2026-03-21 11:37:36.952,PENDING,9C,Mitesh Sengupta,b3312b0b6152eceb,+91-******1256
B1796,P1774,SJ230,2025-11-28 11:37:36.952,CONFIRMED,9B,Kamala Prabhu,912c45fda4856be4,+91-******4004
B1797,P1515,AI042,2025-06-03 11:37:36.952,CANCELLED,1A,Sachi Bose,eea73527e427e74a,+91-******9536
B1798,P1089,UK197,2025-05-16 11:37:36.952,CONFIRMED,23E,Laksh Wagle,9c71f9d3a6e780e7,+91-******7952
B1799,P1452,AI107,2026-02-05 11:37:36.952,PENDING,16E,Jeevika Rao,6bf15e3f33b925a3,+91-******3044
B1800,P1059,SJ128,2025-08-22 11:37:36.952,PENDING,7F,Dipta Mallick,eef52c1399aedc9a,+91-******2677
B1801,P1310,6F121,2026-04-14 11:37:36.952,PENDING,34F,Zaid Comar,2137a0d6eb13d49a,+91-******4800
B1802,P1527,AI111,2025-06-30 11:37:36.952,UNKNOWN,16B,Atharv Grewal,54ef2484bfb7d6fc,+91-******6611
B1803,P1226,SJ137,2026-02-21 11:37:36.952,CONFIRMED,24F,Xalak Vasa,3c71fb9d6c85ef2d,+91-******2358
B1804,P1473,AI232,2025-11-12 11:37:36.952,CONFIRMED,1F,Lila Dalal,516fa95af3ca4c7b,+91-******7409
B1805,P1977,SJ113,2025-10-26 11:37:36.952,CONFIRMED,14B,Adweta Lad,56d5c7476d10e164,+91-******0072
B1806,P1540,AI117,2025-08-02 11:37:36.952,CANCELLED,17A,Sanaya Kala,b6e51833d26c78a5,+91-******5917
B1807,P1662,6F185,2025-06-28 11:37:36.952,CANCELLED,12C,Bhavika Swaminathan,e37166d7121c8d90,+91-******0544
B1808,P1756,AI194,2026-01-26 11:37:36.952,PENDING,3B,Ryan Das,24f75f7198e41855,+91-******8184
B1809,P1781,UK045,2026-04-09 11:37:36.952,PENDING,13B,Krishna Borah,4568afa34a4cb48f,+91-******6068
B1810,P1078,6F228,2026-03-20 11:37:36.952,CONFIRMED,34B,Siya Gera,703372582d619254,+91-******6421
B1811,P1432,SJ190,2026-04-04 11:37:36.952,CANCELLED,25A,Sai Chahal,d65fda1865faf86b,+91-******0858
B1812,P1800,AI156,2026-01-06 11:37:36.952,CANCELLED,8A,Ekaja Palan,eb85d00ee61f47fb,+91-******5943
B1813,P1152,AI104,2025-04-21 11:37:36.952,UNKNOWN,9D,Dhruv Mannan,5b4553e334b63a70,+91-******9254
B1814,P1788,UK033,2025-06-22 11:37:36.952,CONFIRMED,26C,Charita Dugar,65e8422d839596f9,+91-******2354
B1815,P1400,UK137,2025-05-01 11:37:36.952,PENDING,3C,Owen Pathak,2484c5616cc9fb06,+91-******2431
B1816,P1278,UK214,2025-06-21 11:37:36.952,PENDING,20F,Yashoda Kapur,cce67ae025959daa,+91-******0724
B1817,P1056,6F033,2025-06-07 11:37:36.952,PENDING,28D,Jairaj Iyer,ed6179e2a5466ef6,+91-******5836
B1818,P1976,AI114,2025-11-07 11:37:36.952,CONFIRMED,26B,Liam Khalsa,e77286a7fc8c0918,+91-******6645
B1819,P1185,AI017,2026-01-19 11:37:36.952,CONFIRMED,21E,Wakeeta Bal,89253e839728ffee,+91-******3150
B1820,P1397,6F244,2025-12-01 11:37:36.952,PENDING,18E,Jalsa Pillay,c02bc93ead6158f6,+91-******9804
B1821,P1604,6F160,2025-11-27 11:37:36.952,PENDING,1C,Unni Dayal,09b389447f89b570,+91-******1814
B1822,P1787,6F088,2026-01-05 11:37:36.952,CANCELLED,17D,Gabriel Bhatti,c6659e6f9a3ce2ac,+91-******4944
B1823,P1157,6F155,2025-11-26 11:37:36.952,CANCELLED,19E,Dayamai Rao,784d546f628723ab,+91-******9978
B1824,P1786,AI095,2026-04-15 11:37:36.952,PENDING,9B,Varenya Vora,e97d0383fe86aa5a,+91-******9591
B1825,P1692,6F139,2025-05-17 11:37:36.952,PENDING,5E,Nirja Rout,0740083a652c7a97,+91-******3447
B1826,P1358,6F101,2025-07-11 11:37:36.952,CANCELLED,19A,Ethan Dass,4c069f6064232614,+91-******1324
B1827,P1439,AI054,2025-06-23 11:37:36.952,PENDING,20D,Edhitha Borah,c47053969b849f62,+91-******8662
B1828,P1588,SJ094,2025-05-18 11:37:36.952,CANCELLED,25B,Shivani Shukla,05e9db9f9ff03e2a,+91-******0685
B1829,P1465,6F217,2026-01-15 11:37:36.952,CANCELLED,4E,Zansi Padmanabhan,c5d2ffbfa4419010,+91-******4517
B1830,P1662,6F100,2026-04-15 11:37:36.952,CANCELLED,23C,Kabir Gopal,f0c2ba88726e4eb0,+91-******1529
B1831,P1445,6F081,2026-02-05 11:37:36.952,CONFIRMED,21C,Kai Sant,344f7c8a5ee6580c,+91-******6991
B1832,P1749,SJ156,2025-06-17 11:37:36.952,CONFIRMED,4D,Yadavi Bhakta,67e813b76bf33d2c,+91-******2142
B1833,P1800,6F060,2025-06-07 11:37:36.952,PENDING,27D,Jeet Vasa,1c6fae528078b8d0,+91-******4267
B1834,P1742,UK129,2025-08-14 11:37:36.952,CANCELLED,33E,Michael Modi,7c0ccb54f288e13c,+91-******1511
B1835,P1487,UK032,2026-02-07 11:37:36.952,CONFIRMED,2E,Nitesh Edwin,c8af127b0eb2192a,+91-******2240
B1836,P1529,AI166,2025-09-23 11:37:36.952,PENDING,13A,Ekantika Kar,82f32974bca2d4fe,+91-******3090
B1837,P1072,SJ056,2025-10-31 11:37:36.952,PENDING,22F,Hiral Venkataraman,0962aea689fc9ad5,+91-******9029
B1838,P1928,SJ101,2025-06-12 11:37:36.952,PENDING,18F,Bhanumati Brar,377808e9942f148d,+91-******8297
B1839,P1927,SJ065,2025-05-09 11:37:36.952,PENDING,9C,Zashil Hegde,5c66d8c55ac02fd8,+91-******8494
B1840,P1700,SJ100,2025-04-19 11:37:36.952,PENDING,34A,Anvi Dass,6758aefbb2a1b57b,+91-******6349
B1841,P1949,UK011,2025-10-24 11:37:36.952,CANCELLED,1E,Chavvi Walla,505d5425c20f90d9,+91-******8358
B1842,P1016,6F062,2026-02-17 11:37:36.952,PENDING,3B,Girik Thakkar,0b5e9c32c5343b69,+91-******0123
B1843,P1530,SJ176,2025-08-15 11:37:36.952,CANCELLED,23E,Om Dube,3cebec895481e8b3,+91-******4938
B1844,P1730,6F120,2025-11-26 11:37:36.952,CONFIRMED,3B,Onveer Nazareth,a5d7e81e999cd29c,+91-******6465
B1845,P1325,AI121,2026-03-05 11:37:36.952,PENDING,24A,Benjamin Balakrishnan,40f7815268ab7d7f,+91-******1803
B1846,P1994,UK072,2025-08-30 11:37:36.952,CONFIRMED,34F,Finn Bath,27c8d3755ffe5fd7,+91-******8958
B1847,P1631,AI006,2026-04-06 11:37:36.952,CANCELLED,11B,Alka Kade,fca14ef5201992db,+91-******7140
B1848,P1612,SJ231,2025-05-19 11:37:36.952,CANCELLED,30D,Omaja Balasubramanian,38b3d62ea2d2db33,+91-******7655
B1849,P1545,SJ129,2025-06-24 11:37:36.952,UNKNOWN,12E,Widisha Mann,c4f43529edcaf4d8,+91-******6604
B1850,P1595,6F110,2025-04-21 11:37:36.952,PENDING,33B,Chasmum Subramanian,86678ea921584c02,+91-******9822
B1851,P1920,6F231,2025-11-26 11:37:36.952,PENDING,2D,Yash Ravi,8b82eab6b4545a9a,+91-******7673
B1852,P1707,6F095,2025-08-09 11:37:36.952,CONFIRMED,33E,Chameli Setty,6ad9b8fd28ffccf4,+91-******6582
B1853,P1841,UK054,2025-05-05 11:37:36.952,CONFIRMED,18F,Elijah Bhasin,ed731eeabf504aa1,+91-******0990
B1854,P1201,SJ123,2025-08-10 11:37:36.952,CONFIRMED,29D,Nakul Sarraf,7f617c35090f0902,+91-******2192
B1855,P1343,6F006,2026-01-04 11:37:36.952,PENDING,3D,Ojasvi Sule,2b7ce9c324d52a6c,+91-******4333
B1856,P1852,UK226,2025-05-04 11:37:36.952,PENDING,4E,Ucchal Jani,73ed2bc7916b9ce9,+91-******8415
B1857,P1522,AI065,2026-03-07 11:37:36.952,PENDING,17E,Harini Dhawan,1b269821155b1729,+91-******4646
B1858,P1858,6F008,2025-11-25 11:37:36.952,UNKNOWN,10B,Dhriti Nagar,b05d5077011bcebe,+91-******6025
B1859,P1399,AI195,2025-11-11 11:37:36.952,PENDING,7B,Hemani Rastogi,73f723ba52ae0d3d,+91-******3071
B1860,P1217,UK043,2025-08-01 11:37:36.952,UNKNOWN,3A,Kalpit Prabhakar,af827a01b509e6ae,+91-******0640
B1861,P1444,AI125,2025-10-15 11:37:36.952,CONFIRMED,25E,Yutika Cherian,cadf4859991b0f08,+91-******4769
B1862,P1764,AI089,2025-10-05 11:37:36.952,PENDING,21A,Eiravati Khurana,0ba639f080c17c05,+91-******4480
B1863,P1221,UK019,2026-02-12 11:37:36.952,CONFIRMED,22C,Unnati Das,2c8b1e3f7745d80a,+91-******8235
B1864,P1382,UK078,2025-09-27 11:37:36.952,CANCELLED,22C,Amara Sengupta,9a98890c43ab6d73,+91-******9220
B1865,P1880,SJ009,2025-07-28 11:37:36.952,CANCELLED,15E,Yug Dhaliwal,a20234a1879c3ba2,+91-******2016
B1866,P1591,UK178,2026-01-28 11:37:36.952,CONFIRMED,7A,Gunbir Bedi,ee7a801ac64c206d,+91-******2871
B1867,P1006,UK018,2025-11-23 11:37:36.952,CONFIRMED,13D,Bina Rajagopalan,e1185cbe1d9a066e,+91-******4928
B1868,P1271,SJ059,2026-04-10 11:37:36.952,CANCELLED,29E,Omya Kothari,5c8f3466e8ea9194,+91-******9805
B1869,P1738,UK108,2026-02-04 11:37:36.952,CONFIRMED,19C,Nathaniel Narang,bda456f6e93a5987,+91-******0712
B1870,P1015,6F045,2025-04-25 11:37:36.952,CANCELLED,5D,Dhriti Gupta,6e6bfc99c9c06272,+91-******6506
B1871,P1423,AI144,2025-10-04 11:37:36.952,CANCELLED,23E,Nathaniel Tara,8f2d93a86434f0de,+91-******4791
B1872,P1523,AI244,2025-07-09 11:37:36.952,PENDING,26E,Yutika Sibal,ac7314a3b694827e,+91-******6502
B1873,P1802,6F265,2025-04-25 11:37:36.952,CONFIRMED,11B,Wishi Morar,78407459f2eae92c,+91-******8875
B1874,P1752,6F108,2026-01-26 11:37:36.952,CONFIRMED,16E,Widisha Bajaj,33264ded1e73cec8,+91-******6358
B1875,P1020,6F069,2025-06-17 11:37:36.952,PENDING,17D,Gautam Ramaswamy,7f34b31b8a74481b,+91-******7200
B1876,P1689,6F072,2025-06-14 11:37:36.952,CANCELLED,18F,Yashasvi Shankar,d46918b121864fe1,+91-******2552
B1877,P1938,6F096,2025-11-09 11:37:36.952,CONFIRMED,33F,Wridesh Kale,bf9a2e549016485b,+91-******7284
B1878,P1227,SJ233,2025-12-31 11:37:36.952,PENDING,31D,Ira Bava,3a0d7f7bf9b7fd49,+91-******8597
B1879,P1784,AI203,2025-12-03 11:37:36.952,PENDING,9E,Chandresh Manda,e336afc8c867ecf6,+91-******1228
B1880,P1287,UK147,2026-03-08 11:37:36.952,CONFIRMED,2E,Warda Singhal,f733bf22e57fdd06,+91-******1556
B1881,P1808,UK039,2025-08-26 11:37:36.952,PENDING,8E,Bhavika Yadav,d531397d9fe9a36a,+91-******6710
B1882,P1133,6F216,2025-10-17 11:37:36.952,CANCELLED,18B,Abhiram Chokshi,f0c17e6da411e7eb,+91-******0189
B1883,P1983,AI214,2025-11-17 11:37:36.952,PENDING,5B,Raagini Desai,dc092e5edf81fcf5,+91-******7289
B1884,P1282,UK025,2025-08-31 11:37:36.952,CANCELLED,31D,Aishani Pau,973ea6687da71a9d,+91-******0744
B1885,P1403,UK053,2025-08-10 11:37:36.952,CANCELLED,11B,Neha Pau,66ecf7c3c34fc56d,+91-******1436
B1886,P1664,6F130,2026-02-12 11:37:36.952,UNKNOWN,9D,Chakradev Rattan,28348146ccf5c999,+91-******8489
B1887,P1065,6F247,2026-03-09 11:37:36.952,PENDING,23F,Charan Hayer,a54ee7925788a1c3,+91-******5663
B1888,P1648,6F159,2025-12-25 11:37:36.952,CANCELLED,25C,Janani Mani,e554f9bfa63b49d1,+91-******2120
B1889,P1603,UK086,2026-02-24 11:37:36.952,CANCELLED,22C,Ethan Raju,f06a372de876e39e,+91-******6194
B1890,P1436,6F102,2025-08-30 11:37:36.952,PENDING,12E,Yamini Seshadri,e2d2253611ec2328,+91-******2127
B1891,P1828,UK186,2026-01-26 11:37:36.952,CANCELLED,18D,Ati Dani,97bdea92636d5c1a,+91-******5420
B1892,P1933,6F032,2025-08-24 11:37:36.952,PENDING,17F,Kabir Chatterjee,c80b48758f08213c,+91-******0094
B1893,P1258,6F186,2025-08-02 11:37:36.952,CONFIRMED,19A,Meera Prakash,dce988fc36c97786,+91-******1916
B1894,P1979,6F106,2026-02-24 11:37:36.952,CANCELLED,4F,Harinakshi Pau,89f338cd7fc52c23,+91-******0425
B1895,P1965,AI021,2025-10-05 11:37:36.952,CANCELLED,14E,Maanas Issac,3b5d797dc6c17d09,+91-******7042
B1896,P1102,AI157,2025-11-30 11:37:36.952,PENDING,11F,Yashodhara Ratti,57f1fcd062d63a5d,+91-******5052
B1897,P1992,6F054,2025-11-01 11:37:36.952,PENDING,26F,Xiti Baria,59a836c80d8c90a4,+91-******5523
B1898,P1566,AI187,2025-10-03 11:37:36.952,PENDING,10D,Chakradev Barad,f7d1380547c9d577,+91-******2963
B1899,P1768,SJ124,2025-09-28 11:37:36.952,PENDING,4B,Laksh Nath,e36862a918bfca92,+91-******8844
B1900,P1100,SJ223,2025-10-06 11:37:36.952,CANCELLED,11C,Urvi Venkataraman,5bad9f4cf190e7d6,+91-******4878
B1901,P1197,UK103,2025-04-25 11:37:36.952,CONFIRMED,21A,Tanmayi Dixit,d4225f77ec76d7c6,+91-******8079
B1902,P1812,SJ157,2026-02-08 11:37:36.952,CONFIRMED,14F,Yutika Dey,1decbd29cfbe2544,+91-******7410
B1903,P1225,6F242,2025-11-06 11:37:36.952,CONFIRMED,9B,Falak Nagar,36d8ef2746e29dab,+91-******1530
B1904,P1942,UK213,2025-07-01 11:37:36.952,CONFIRMED,8B,Nicholas Ramaswamy,40b1d023f363963c,+91-******6866
B1905,P1462,SJ120,2026-02-13 11:37:36.952,PENDING,24B,Chandani Nayar,207c5dfb1d81736e,+91-******2608
B1906,P1236,AI035,2025-08-11 11:37:36.952,CANCELLED,22B,Yashica Upadhyay,8737dfca2fe6c8d5,+91-******7385
B1907,P1025,6F147,2026-01-14 11:37:36.952,CANCELLED,1B,Vrishti Mistry,4b432f17b1d38230,+91-******9236
B1908,P1120,SJ229,2025-08-09 11:37:36.952,CANCELLED,23B,Vaishnavi Badal,8dcf010d1dd8b21d,+91-******6686
B1909,P1909,AI230,2025-11-14 11:37:36.952,PENDING,31B,Jyoti Narula,4f16c5f08f75eb48,+91-******4025
B1910,P1505,UK162,2025-06-10 11:37:36.952,CANCELLED,5C,Imaran Saha,3c1e2f0fc3d3e5c3,+91-******1612
B1911,P1181,AI066,2025-05-29 11:37:36.952,PENDING,27C,Darika Bala,e266325a3fbbbd69,+91-******0684
B1912,P1710,6F205,2025-09-09 11:37:36.952,CANCELLED,19D,Urvi Lanka,e151b2ebbb00d413,+91-******3156
B1913,P1813,AI124,2025-05-24 11:37:36.952,CONFIRMED,27B,Vedant Behl,d2182e3232c2e289,+91-******1954
B1914,P1766,UK114,2025-10-19 11:37:36.952,PENDING,20A,Varsha Garde,3d35368ba6389c44,+91-******5246
B1915,P1633,AI231,2025-06-03 11:37:36.952,CANCELLED,18B,Lajita Divan,f2f8ab60b89747c0,+91-******9217
B1916,P1542,AI113,2025-10-30 11:37:36.952,CONFIRMED,7D,Xavier Balay,b0838bc2349b3e1a,+91-******5266
B1917,P1983,UK180,2025-08-03 11:37:36.952,UNKNOWN,27A,Imaran Halder,c629fc15abbd896a,+91-******6057
B1918,P1314,UK180,2025-10-07 11:37:36.952,CONFIRMED,2B,Anirudh Sastry,1356acc909e9194b,+91-******0050
B1919,P1990,6F080,2026-03-17 11:37:36.952,PENDING,7C,Dipta Sahota,51188cf536820522,+91-******2300
B1920,P1796,SJ095,2025-05-11 11:37:36.952,PENDING,14A,Max Sachar,b311ced7623ee79c,+91-******8435
B1921,P1617,SJ115,2025-04-24 11:37:36.952,CANCELLED,21F,Samar Roy,cf13262d5ae355fb,+91-******9707
B1922,P1735,AI142,2025-05-14 11:37:36.952,CONFIRMED,7D,Yachana Sinha,3c6b7e635f83b45f,+91-******3869
B1923,P1272,UK169,2025-11-28 11:37:36.952,CANCELLED,33F,David Devi,60d169d9b1d515c0,+91-******2115
B1924,P1909,SJ041,2025-05-04 11:37:36.952,CANCELLED,27D,Zilmil Johal,3a228e031196fcb3,+91-******2973
B1925,P1231,UK171,2025-04-20 11:37:36.952,CONFIRMED,7D,Ekta Sridhar,0fe0322e7f3fd942,+91-******0232
B1926,P1419,AI081,2025-11-27 11:37:36.952,CANCELLED,18F,Krisha Murthy,57d4b60c1075ce04,+91-******7004
B1927,P1767,AI162,2026-01-28 11:37:36.952,PENDING,27D,Oscar Sharaf,360e4cde1c73981c,+91-******2307
B1928,P1441,SJ037,2026-01-23 11:37:36.952,CANCELLED,6F,Hema Pandya,22f7d67dfc129df1,+91-******6146
B1929,P1495,SJ037,2025-11-05 11:37:36.952,CONFIRMED,6A,Aishani Sule,82a0755f38b853c2,+91-******0448
B1930,P1023,UK080,2025-12-16 11:37:36.952,PENDING,3B,Rehaan Koshy,479132795205a60d,+91-******3639
B1931,P1108,SJ031,2025-09-26 11:37:36.952,PENDING,16C,Arya Misra,fb70900ab05e0264,+91-******9946
B1932,P1702,AI199,2025-12-28 11:37:36.952,CANCELLED,4B,Umang Mishra,20177912a4b87913,+91-******4441
B1933,P1501,6F082,2025-05-28 11:37:36.952,CANCELLED,7B,Bhavya Johal,538d1b80eb257af0,+91-******3805
B1934,P1858,UK217,2026-04-12 11:37:36.952,PENDING,9F,Vrinda Nadig,fe8da665f70f1cf9,+91-******5807
B1935,P1024,UK014,2026-04-13 11:37:36.952,CANCELLED,6C,Varsha Palla,2437d254afcc829e,+91-******3421
B1936,P1186,SJ180,2026-01-11 11:37:36.952,CONFIRMED,14D,Anusha Mani,055ef86c67a7545e,+91-******0382
B1937,P1287,6F268,2026-02-19 11:37:36.952,CANCELLED,16E,Jairaj Raghavan,e86a0d4b95087ef9,+91-******5218
B1938,P1627,UK205,2026-04-07 11:37:36.952,CANCELLED,19B,Megha Pai,1b76c24e008d12de,+91-******4643
B1939,P1337,SJ212,2025-07-22 11:37:36.952,PENDING,22B,Madhav Mannan,a1ceb7db9a8f4d37,+91-******9435
B1940,P1877,UK052,2025-06-25 11:37:36.952,CANCELLED,17C,Brijesh Mani,3dfe21b4717b2731,+91-******1855
B1941,P1913,UK230,2025-06-13 11:37:36.952,CANCELLED,19D,Farhan Pal,297150fdc26a5809,+91-******5442
B1942,P1036,AI145,2025-07-18 11:37:36.952,CANCELLED,23D,Riya Kunda,52c23117d0b6483f,+91-******6625
B1943,P1793,SJ035,2026-03-13 11:37:36.952,CONFIRMED,7E,Varenya Kala,2afc19eb30e33dfb,+91-******2940
B1944,P1136,SJ184,2025-07-20 11:37:36.952,CANCELLED,10B,Saksham Yohannan,0503ddbdc7954fc9,+91-******9984
B1945,P1507,6F207,2025-11-03 11:37:36.952,CONFIRMED,24A,Anika Magar,102be45dae9fa995,+91-******8592
B1946,P1226,UK144,2026-03-30 11:37:36.952,CONFIRMED,15A,Laksh Chopra,9831fdc174faf57f,+91-******6602
B1947,P1319,AI126,2025-10-22 11:37:36.952,CONFIRMED,1A,Wriddhish Kibe,8f8a317db0cdc0d1,+91-******1615
B1948,P1839,SJ145,2025-05-19 11:37:36.952,CONFIRMED,10A,Chandresh Wali,89e8c4f2714c9d00,+91-******4234
B1949,P1915,6F040,2025-05-16 11:37:36.952,PENDING,15B,Upkaar Kaul,78da5f3f104150a2,+91-******7188
B1950,P1181,UK049,2025-06-15 11:37:36.952,CONFIRMED,21B,Charles Chaudhry,59abd1abe2875e04,+91-******9225
B1951,P1873,UK049,2026-03-18 11:37:36.952,CANCELLED,3F,Odika Narayanan,220ac90c194efac7,+91-******9796
B1952,P1085,AI087,2025-10-18 11:37:36.952,CONFIRMED,2C,Urmi Chaudhry,dfcf5f4a11d157bb,+91-******4789
B1953,P1466,AI152,2025-05-24 11:37:36.952,CANCELLED,19A,Laksh Ahluwalia,542539dfa11714e5,+91-******2480
B1954,P1925,SJ240,2025-11-06 11:37:36.952,CONFIRMED,2A,Nakul Ray,d9121ffdc34b6a37,+91-******2001
B1955,P1052,AI212,2025-09-14 11:37:36.952,PENDING,22B,Vamakshi Sood,ba06ccf0d09d344f,+91-******5387
B1956,P1859,AI064,2025-09-21 11:37:36.952,CONFIRMED,3B,Ryan Mani,7ef6d89813183832,+91-******9169
B1957,P1866,6F093,2025-06-07 11:37:36.952,CONFIRMED,32E,Ekani Mangal,67ccf72774c4e47a,+91-******7600
B1958,P1234,AI118,2025-04-28 11:37:36.952,PENDING,29C,Daniel Chakraborty,6d2015fd32402b94,+91-******6511
B1959,P1958,AI172,2025-12-19 11:37:36.952,CONFIRMED,23D,Vincent Warrior,9b80358e64c8add3,+91-******7933
B1960,P1778,6F183,2026-01-30 11:37:36.952,CANCELLED,27E,Baljiwan Gill,5c1d55a69680fffc,+91-******8946
B1961,P1798,6F200,2025-07-15 11:37:36.952,CONFIRMED,28A,Omisha Goda,f24fcefc260522e9,+91-******4518
B1962,P1432,SJ077,2025-12-23 11:37:36.952,CONFIRMED,18C,Balhaar Ranganathan,273f61215919d166,+91-******9246
B1963,P1495,UK030,2026-02-24 11:37:36.952,CONFIRMED,27F,Warhi Grewal,e534e29c63180978,+91-******8001
B1964,P1998,SJ232,2025-05-21 11:37:36.952,PENDING,18B,Bimala Barad,4c216ec64082c9f9,+91-******2887
B1965,P1099,6F090,2026-01-29 11:37:36.952,CONFIRMED,20D,Aditya Misra,e88c91c4ce8e371f,+91-******9379
B1966,P1989,UK002,2025-11-06 11:37:36.952,CONFIRMED,12B,Hredhaan Nayak,bd4984f9dc2c410a,+91-******0512
B1967,P1598,AI154,2025-07-03 11:37:36.952,CANCELLED,22C,Bhavani Sha,30e4570111fa8ea9,+91-******3141
B1968,P1402,6F089,2025-10-11 11:37:36.952,CONFIRMED,2D,Wakeeta Desai,cf181aa9ccdcae84,+91-******4142
B1969,P1395,6F218,2026-04-08 11:37:36.952,CONFIRMED,29A,Yamini Sidhu,93bc7d27d08ae6c3,+91-******5719
B1970,P1526,6F241,2025-11-26 11:37:36.952,CONFIRMED,12B,Anjali Hans,62b0624b65cd64bf,+91-******5066
B1971,P1414,6F116,2025-08-20 11:37:36.952,CONFIRMED,2B,Isaiah Narayanan,eb79ca72c0e56dec,+91-******9642
B1972,P1938,UK199,2025-04-18 11:37:36.952,CANCELLED,19B,Nicholas Shanker,173b7db0219f7e81,+91-******8516
B1973,P1612,SJ033,2025-04-28 11:37:36.952,CANCELLED,8C,Aarini Grewal,2a46c5fa309a225f,+91-******3057
B1974,P1676,AI210,2025-08-03 11:37:36.952,PENDING,15B,Akshay Nazareth,8df86f378cb27b01,+91-******3035
B1975,P1462,UK148,2025-08-26 11:37:36.952,UNKNOWN,20E,Chakrika Hans,5f50e40ff96a0fd0,+91-******9630
B1976,P1540,AI229,2025-08-27 11:37:36.952,PENDING,16F,Parth Ravi,2c9c3a92cbf98579,+91-******3619
B1977,P1625,UK005,2026-01-01 11:37:36.952,PENDING,4A,Prisha Varma,c1c31fa9ed3bb84e,+91-******4286
B1978,P1618,SJ080,2025-12-07 11:37:36.952,CONFIRMED,12C,Falak Chadha,6990aa0ac8d60e40,+91-******7464
B1979,P1921,SJ092,2025-12-02 11:37:36.952,CANCELLED,1F,Nandini Chandran,167f29c93a0c680e,+91-******0698
B1980,P1363,SJ055,2025-12-04 11:37:36.952,CANCELLED,15A,Qasim Dey,642656fead84ca6e,+91-******7348
B1981,P1129,AI239,2025-05-17 11:37:36.952,CONFIRMED,19D,Vansha Naik,194c1ff334ec6b7c,+91-******2612
B1982,P1083,6F162,2025-06-17 11:37:36.952,UNKNOWN,7A,Yuvraj Ahuja,da2d4df4666b2a20,+91-******6975
B1983,P1270,UK101,2025-06-28 11:37:36.952,UNKNOWN,27A,Advika Rajagopal,b1ec26b79390538b,+91-******7066
B1984,P1243,6F198,2025-04-25 11:37:36.952,CONFIRMED,27F,Warinder Sekhon,9addb84ab4e74bf1,+91-******7129
B1985,P1387,6F239,2025-09-28 11:37:36.952,CONFIRMED,31F,Amara Narayan,b7bca1f547c03574,+91-******3192
B1986,P1213,SJ177,2025-10-07 11:37:36.952,CONFIRMED,13F,Chasmum Apte,eccdbbde392ac599,+91-******2114
B1987,P1817,6F044,2026-03-12 11:37:36.952,CANCELLED,19F,Advika Parsa,3a75e0b82eaab0a0,+91-******0463
B1988,P1165,6F248,2026-02-17 11:37:36.952,PENDING,13A,Warinder Bhatia,b2abdbadf4cb0ea2,+91-******0464
B1989,P1790,6F002,2025-12-10 11:37:36.952,UNKNOWN,16F,Jagat Shroff,bf47153d90dacf5f,+91-******6840
B1990,P1058,SJ197,2026-03-31 11:37:36.952,CONFIRMED,14B,Damyanti Dutta,2fb692e2db987266,+91-******8281
B1991,P1601,UK091,2026-01-14 11:37:36.952,CANCELLED,22E,Nidra Thakkar,4aa73e23192d35b7,+91-******0428
B1992,P1882,6F215,2025-04-25 11:37:36.952,CONFIRMED,25C,Deepa Dalal,3bd00e59fdc2d052,+91-******2908
B1993,P1842,AI093,2026-03-11 11:37:36.952,CANCELLED,5B,Chakrika Pillai,183ca99088a1487c,+91-******9255
B1994,P1923,UK090,2026-03-31 11:37:36.952,CONFIRMED,21D,Timothy Kanda,a173e965992f81ff,+91-******0874
B1995,P1503,SJ005,2025-11-20 11:37:36.952,CANCELLED,11C,Kiaan Sridhar,5025eb66e890523a,+91-******8644
B1996,P1705,UK106,2025-08-08 11:37:36.952,CANCELLED,27E,Michael Sha,65c0e8317e379a52,+91-******9827
B1997,P1122,6F223,2025-05-03 11:37:36.952,PENDING,27B,Kashvi Sagar,9c2be330bc8f2b18,+91-******6636
B1998,P1647,6F011,2025-10-23 11:37:36.952,CONFIRMED,14C,Urishilla Yogi,f260e8c9632372f9,+91-******5033
B1999,P1412,UK124,2025-08-08 11:37:36.952,UNKNOWN,12B,Tejas Kota,ae872528e8dc647f,+91-******2188
